,AirT,AirCO2,AirRH,AirPAR,method
0,15.4,664.69,68.92,,Human
1,15.08,679.74,70.88,,Human
2,14.72,692.52,72.85,,Human
3,14.43,702.25,74.62,,Human
4,14.11,706.84,76.62,,Human
5,13.64,710.82,78.92,,Human
6,13.69,712.38,79.44,,Human
7,19.69,658.56,61.17,,Human
8,26.05,444.65,31.84,,Human
9,26.3,398.11,23.84,,Human
10,26.48,397.86,23.73,,Human
11,25.21,402.33,26.39,,Human
12,24.34,402.18,27.74,,Human
13,22.68,409.96,33.18,,Human
14,23.17,416.6,34.51,,Human
15,23.4,420.26,31.13,,Human
16,21.99,434.85,38.47,,Human
17,17.92,472.95,54.01,,Human
18,17.7,518.38,57.66,,Human
19,17.22,553.02,61.49,,Human
20,16.46,582.31,65.06,,Human
21,15.85,606.39,67.74,,Human
22,15.37,627.17,69.9,,Human
23,14.92,643.9,71.91,,Human
72,14.97,680.08,73.93,,Human
73,14.56,694.55,75.85,,Human
74,14.14,707.0,77.87,,Human
75,13.75,716.22,79.55,,Human
76,13.36,722.22,81.21,,Human
77,13.01,729.38,82.82,,Human
78,13.27,728.14,83.21,,Human
79,20.52,682.88,61.95,,Human
80,25.1,474.3,36.05,,Human
81,25.83,431.19,28.86,,Human
82,28.76,414.74,21.93,,Human
83,30.5,408.96,19.5,,Human
84,32.12,412.81,18.99,,Human
85,32.58,412.43,17.85,,Human
86,30.79,414.24,16.36,,Human
87,25.11,416.22,18.6,,Human
88,23.79,417.18,20.64,,Human
89,21.25,446.44,35.76,,Human
90,20.97,493.15,45.56,,Human
91,20.51,541.12,50.81,,Human
92,19.71,586.34,55.91,,Human
93,19.1,621.46,59.93,,Human
94,18.5,648.72,63.34,,Human
95,17.97,674.23,66.15,,Human
120,17.54,696.6,68.53,,Human
121,17.12,710.12,70.6,,Human
122,16.72,726.49,72.56,,Human
123,16.35,735.06,74.24,,Human
124,15.98,736.11,76.74,,Human
125,15.55,741.27,79.37,,Human
126,15.56,740.22,80.64,,Human
127,22.9,627.04,53.99,,Human
128,25.6,412.23,28.69,,Human
129,26.52,399.64,23.08,,Human
130,29.32,402.25,21.81,,Human
131,29.14,402.25,20.6,,Human
132,30.11,404.5,19.88,,Human
133,31.05,405.47,18.71,,Human
134,30.63,408.36,18.24,,Human
135,26.83,411.5,19.66,,Human
136,23.51,416.12,23.9,,Human
137,22.23,450.03,41.43,,Human
138,21.5,502.1,48.96,,Human
139,20.79,554.81,54.53,,Human
140,20.06,599.83,58.75,,Human
141,19.37,638.98,62.61,,Human
142,18.69,667.97,65.84,,Human
143,17.89,694.76,69.12,,Human
168,17.29,716.3,71.59,,Human
169,16.72,733.53,73.86,,Human
170,16.19,746.41,76.01,,Human
171,15.75,756.89,78.03,,Human
172,15.32,766.95,80.47,,Human
173,14.95,773.13,82.44,,Human
174,15.18,774.68,83.44,,Human
175,21.45,716.95,64.18,,Human
176,26.16,486.74,36.23,,Human
177,28.93,435.25,25.55,,Human
178,31.94,418.9,21.23,,Human
179,33.58,412.29,20.14,,Human
180,34.93,414.55,19.44,,Human
181,34.2,413.29,19.59,,Human
182,33.63,414.21,19.84,,Human
183,30.68,417.12,20.85,,Human
184,26.31,420.94,23.24,,Human
185,23.01,447.43,35.21,,Human
186,22.71,507.7,46.79,,Human
187,21.44,573.71,55.02,,Human
188,20.66,615.02,59.42,,Human
189,20.21,651.29,61.91,,Human
190,19.73,681.45,64.58,,Human
191,19.21,708.15,67.58,,Human
216,18.65,732.47,70.9,,Human
217,18.05,752.96,73.8,,Human
218,17.58,766.64,76.27,,Human
219,17.27,771.92,78.17,,Human
220,16.89,779.74,80.18,,Human
221,16.49,784.98,82.6,,Human
222,16.65,789.19,84.5,,Human
223,22.84,602.13,52.24,,Human
224,26.08,414.01,28.87,,Human
225,29.55,414.94,25.24,,Human
226,31.75,423.2,25.1,,Human
227,33.68,413.78,25.93,,Human
228,32.81,411.06,25.92,,Human
229,34.34,410.69,23.82,,Human
230,33.71,414.77,24.09,,Human
231,31.04,413.14,25.22,,Human
232,26.42,416.74,28.63,,Human
233,22.61,421.41,34.16,,Human
234,22.81,469.66,44.38,,Human
235,22.32,530.12,52.41,,Human
236,21.51,581.2,57.96,,Human
237,20.77,621.56,62.29,,Human
238,20.3,654.73,65.93,,Human
239,19.99,686.64,68.52,,Human
240,19.74,713.52,70.56,,Human
241,19.47,732.9,72.33,,Human
242,19.1,746.24,74.58,,Human
243,18.71,752.08,77.07,,Human
244,18.29,763.21,79.6,,Human
245,17.95,777.61,82.57,,Human
246,18.03,781.53,85.2,,Human
247,20.31,496.15,47.98,,Human
248,26.48,407.04,31.34,,Human
249,30.6,405.21,25.24,,Human
250,32.65,407.27,24.45,,Human
251,32.04,410.71,24.34,,Human
252,32.42,409.96,25.47,,Human
253,33.0,408.47,26.4,,Human
254,34.29,407.54,24.74,,Human
255,30.56,409.93,24.86,,Human
256,26.7,412.51,26.24,,Human
257,21.64,426.41,34.66,,Human
258,22.03,481.23,48.11,,Human
259,22.09,542.64,55.07,,Human
260,21.52,596.33,60.45,,Human
261,20.75,639.77,65.08,,Human
262,19.99,682.66,69.22,,Human
263,19.3,719.43,72.42,,Human
288,18.77,742.69,75.65,,Human
289,18.19,760.96,77.52,,Human
290,17.76,777.56,79.4,,Human
291,17.71,784.49,80.49,,Human
292,17.59,784.46,81.38,,Human
293,17.15,784.76,83.49,,Human
294,17.24,784.92,85.65,,Human
295,22.08,566.38,59.2,,Human
296,24.84,410.23,37.51,,Human
297,25.41,402.5,29.72,,Human
298,26.12,403.8,27.78,,Human
299,26.26,405.68,27.5,,Human
300,27.73,404.06,25.08,,Human
301,25.2,407.11,26.56,,Human
302,24.55,407.4,25.65,,Human
303,24.41,407.11,25.77,,Human
304,20.09,411.98,32.74,,Human
305,18.04,422.54,40.05,,Human
306,17.09,467.13,52.34,,Human
307,15.95,521.67,62.52,,Human
308,15.29,562.16,69.44,,Human
309,14.99,598.85,73.62,,Human
310,14.69,611.18,75.15,,Human
311,13.99,617.56,79.72,,Human
336,13.56,613.12,82.19,,Human
337,13.51,600.49,83.43,,Human
338,13.47,578.79,84.85,,Human
339,13.24,554.95,85.26,,Human
340,12.6,548.23,86.19,,Human
341,12.57,549.06,87.39,,Human
342,13.87,523.86,86.93,,Human
343,21.66,464.56,70.96,,Human
344,19.98,407.84,69.77,,Human
345,22.12,399.43,68.81,,Human
346,21.11,410.53,56.29,,Human
347,17.46,427.75,76.2,,Human
348,16.68,451.03,85.29,,Human
349,16.71,467.2,87.17,,Human
350,15.91,485.46,89.22,,Human
351,16.35,487.34,88.24,,Human
352,16.1,484.2,87.92,,Human
353,15.26,507.2,91.59,,Human
354,15.92,549.25,94.42,,Human
355,16.12,585.94,94.89,,Human
356,15.72,618.07,95.33,,Human
357,15.63,642.86,95.63,,Human
358,15.58,665.95,95.67,,Human
359,15.29,685.17,95.94,,Human
384,14.94,705.04,96.16,,Human
385,14.63,722.76,96.27,,Human
386,14.37,739.39,96.47,,Human
387,14.36,754.05,96.74,,Human
388,14.36,766.06,96.96,,Human
389,14.22,776.7,97.36,,Human
390,14.47,783.39,97.96,,Human
391,17.67,756.06,90.13,,Human
392,23.71,491.32,60.21,,Human
393,27.0,430.76,44.14,,Human
394,31.21,427.33,37.63,,Human
395,33.07,424.79,32.82,,Human
396,33.57,424.8,29.05,,Human
397,34.9,426.03,26.4,,Human
398,33.92,430.6,27.21,,Human
399,30.73,430.04,28.51,,Human
400,26.24,432.52,30.39,,Human
401,21.46,438.47,35.62,,Human
402,20.42,488.32,53.87,,Human
403,20.21,550.35,65.29,,Human
404,19.65,604.13,71.67,,Human
405,19.23,647.7,76.24,,Human
406,18.87,681.9,79.7,,Human
407,18.42,708.84,82.93,,Human
432,18.01,733.05,85.44,,Human
433,17.78,756.27,87.32,,Human
434,17.53,777.61,89.04,,Human
435,17.29,794.23,90.49,,Human
436,17.09,809.3,91.92,,Human
437,16.9,819.8,93.44,,Human
438,16.97,825.2,94.97,,Human
439,17.28,654.13,85.09,,Human
440,19.1,512.13,83.39,,Human
441,19.91,463.8,78.34,,Human
442,18.52,455.46,80.8,,Human
443,20.16,447.77,78.67,,Human
444,20.54,425.41,71.55,,Human
445,18.73,442.9,76.04,,Human
446,20.52,423.84,79.53,,Human
447,19.13,435.0,83.18,,Human
448,18.22,446.52,85.85,,Human
449,16.86,462.62,87.32,,Human
450,14.23,496.62,90.19,,Human
451,13.01,532.69,92.4,,Human
452,12.51,556.89,93.81,,Human
453,12.3,576.57,94.49,,Human
454,11.96,591.42,95.09,,Human
455,12.05,602.28,95.41,,Human
480,11.84,605.05,95.36,,Human
481,11.4,604.0,94.6,,Human
482,11.04,601.97,95.32,,Human
483,10.86,605.06,96.25,,Human
484,10.6,598.0,97.01,,Human
485,10.38,599.6,97.17,,Human
486,9.49,599.44,96.27,,Human
487,9.41,582.94,96.11,,Human
488,10.43,555.37,94.59,,Human
489,16.03,471.42,87.17,,Human
490,16.54,408.09,84.74,,Human
491,16.64,387.17,86.18,,Human
492,23.22,404.89,57.58,,Human
493,23.67,420.4,44.83,,Human
494,22.83,420.95,47.56,,Human
495,21.71,416.89,54.14,,Human
496,20.08,414.41,67.43,,Human
497,16.77,451.29,83.95,,Human
498,15.5,506.48,90.4,,Human
499,14.84,548.09,92.52,,Human
500,14.16,585.57,93.71,,Human
501,13.61,611.24,94.48,,Human
502,13.23,631.94,94.9,,Human
503,13.14,647.31,95.07,,Human
528,13.0,657.35,95.18,,Human
529,12.68,666.16,95.07,,Human
530,12.26,671.83,95.17,,Human
531,11.95,679.59,95.68,,Human
532,11.69,679.14,95.86,,Human
533,11.51,676.77,96.31,,Human
534,11.6,674.12,97.36,,Human
535,12.2,662.16,97.79,,Human
536,21.29,518.21,64.18,,Human
537,23.19,416.36,46.17,,Human
538,22.48,417.68,52.46,,Human
539,22.08,419.83,50.01,,Human
540,21.16,413.98,60.78,,Human
541,21.4,409.84,63.56,,Human
542,21.11,403.92,68.04,,Human
543,20.13,397.78,73.31,,Human
544,17.13,407.54,78.42,,Human
545,15.14,448.16,89.79,,Human
546,14.75,504.75,93.33,,Human
547,14.34,547.94,93.48,,Human
548,14.01,580.77,93.71,,Human
549,13.69,606.43,93.8,,Human
550,13.28,628.39,94.01,,Human
551,12.9,646.74,94.34,,Human
576,12.59,661.49,94.71,,Human
577,12.41,673.63,95.24,,Human
578,12.42,683.68,95.72,,Human
579,12.38,691.41,96.21,,Human
580,12.31,697.51,96.84,,Human
581,12.22,703.73,97.44,,Human
582,12.33,707.19,97.91,,Human
583,13.64,684.28,92.36,,Human
584,17.27,573.12,82.94,,Human
585,22.08,444.89,67.95,,Human
586,22.34,407.69,67.99,,Human
587,21.67,420.29,60.14,,Human
588,21.82,403.08,72.64,,Human
589,20.91,427.26,62.91,,Human
590,22.27,420.88,65.34,,Human
591,21.57,405.66,70.35,,Human
592,18.44,414.7,78.88,,Human
593,17.04,443.76,91.55,,Human
594,16.11,506.86,94.66,,Human
595,14.96,557.09,95.19,,Human
596,14.15,595.47,95.42,,Human
597,13.54,626.05,95.59,,Human
598,13.03,650.89,95.8,,Human
599,12.62,673.45,96.04,,Human
624,12.27,691.5,96.49,,Human
625,12.15,705.31,97.13,,Human
626,12.03,715.8,97.19,,Human
627,11.73,723.7,97.26,,Human
628,11.48,727.23,97.24,,Human
629,11.27,728.24,97.72,,Human
630,11.69,729.54,98.88,,Human
631,16.11,701.85,90.12,,Human
632,24.26,433.49,50.06,,Human
633,25.19,425.02,37.28,,Human
634,26.2,434.73,31.93,,Human
635,25.61,440.29,30.93,,Human
636,26.57,441.84,29.67,,Human
637,27.43,445.11,28.09,,Human
638,25.96,448.29,27.29,,Human
639,24.16,446.9,29.05,,Human
640,22.08,445.83,36.96,,Human
641,18.33,465.52,57.83,,Human
642,17.95,525.22,73.44,,Human
643,17.41,580.41,79.58,,Human
644,17.17,619.79,81.61,,Human
645,16.87,646.9,83.66,,Human
646,16.55,667.23,85.07,,Human
647,16.27,689.53,88.61,,Human
672,15.62,708.7,91.47,,Human
673,15.07,729.2,93.21,,Human
674,14.52,743.2,94.34,,Human
675,13.98,755.35,95.06,,Human
676,13.49,765.29,95.63,,Human
677,13.22,772.02,96.48,,Human
678,13.73,781.22,97.69,,Human
679,19.05,679.58,80.71,,Human
680,24.94,420.55,45.37,,Human
681,22.45,433.76,42.85,,Human
682,23.08,441.92,35.17,,Human
683,22.15,442.08,30.45,,Human
684,21.5,442.48,38.46,,Human
685,21.85,441.01,43.91,,Human
686,19.53,451.86,45.65,,Human
687,20.15,443.3,70.16,,Human
688,21.41,424.36,79.98,,Human
689,18.48,487.68,86.28,,Human
690,17.6,542.42,88.13,,Human
691,17.41,588.48,90.48,,Human
692,17.21,634.54,91.93,,Human
693,16.95,668.89,93.34,,Human
694,16.41,694.19,93.9,,Human
695,15.93,711.37,94.26,,Human
720,15.47,721.43,94.34,,Human
721,15.08,712.05,94.13,,Human
722,14.74,712.01,95.28,,Human
723,14.71,720.11,96.3,,Human
724,14.61,724.44,96.38,,Human
725,14.43,723.55,97.14,,Human
726,14.38,731.51,98.23,,Human
727,16.19,708.0,93.25,,Human
728,24.03,452.73,54.68,,Human
729,25.24,432.15,42.68,,Human
730,26.3,437.58,36.11,,Human
731,25.01,444.16,36.03,,Human
732,25.74,444.73,34.91,,Human
733,27.29,445.89,28.3,,Human
734,26.35,450.31,26.53,,Human
735,23.93,450.3,27.55,,Human
736,21.63,449.93,35.92,,Human
737,19.47,477.79,61.14,,Human
738,18.8,548.28,74.92,,Human
739,17.64,606.69,82.45,,Human
740,16.73,653.11,86.75,,Human
741,16.08,689.37,89.29,,Human
742,15.59,720.84,91.0,,Human
743,15.16,746.87,92.15,,Human
768,14.93,766.53,93.34,,Human
769,15.04,788.63,94.31,,Human
770,14.98,803.1,94.88,,Human
771,14.79,810.34,95.55,,Human
772,14.58,815.23,96.36,,Human
773,14.54,818.28,97.23,,Human
774,14.92,831.14,97.83,,Human
775,21.6,617.14,72.42,,Human
776,25.17,450.0,44.54,,Human
777,22.57,451.59,54.91,,Human
778,28.09,434.62,32.14,,Human
779,28.17,439.99,29.44,,Human
780,28.58,446.6,29.77,,Human
781,28.65,448.26,28.84,,Human
782,27.94,453.48,28.2,,Human
783,24.94,453.33,28.98,,Human
784,21.84,452.98,36.84,,Human
785,18.79,469.47,53.11,,Human
786,18.42,536.18,72.13,,Human
787,17.98,602.76,80.37,,Human
788,17.14,660.44,85.95,,Human
789,16.41,707.93,89.35,,Human
790,15.87,746.51,91.33,,Human
791,15.45,782.31,92.74,,Human
816,15.01,809.06,93.96,,Human
817,14.63,830.87,94.9,,Human
818,14.29,847.14,95.48,,Human
819,13.98,862.53,96.06,,Human
820,13.68,875.25,96.69,,Human
821,13.55,882.76,97.49,,Human
822,13.95,886.42,98.52,,Human
823,21.08,672.1,63.74,,Human
824,23.91,442.01,44.8,,Human
825,28.24,444.46,34.9,,Human
826,29.55,444.22,33.65,,Human
827,31.15,439.21,31.72,,Human
828,31.87,443.89,30.67,,Human
829,32.68,442.59,28.75,,Human
830,31.04,447.82,30.35,,Human
831,26.79,451.19,33.18,,Human
832,23.56,456.67,30.81,,Human
833,20.98,485.95,51.88,,Human
834,20.97,571.02,68.67,,Human
835,20.21,638.5,78.73,,Human
836,19.62,697.96,82.88,,Human
837,19.01,747.85,85.62,,Human
838,18.5,782.55,87.39,,Human
839,18.09,810.33,88.97,,Human
864,17.73,828.61,90.72,,Human
865,17.34,853.79,93.65,,Human
866,17.04,866.07,93.85,,Human
867,16.86,866.76,93.82,,Human
868,16.71,864.69,95.05,,Human
869,16.64,856.48,95.16,,Human
870,16.8,829.24,93.8,,Human
871,18.62,553.16,68.28,,Human
872,23.66,454.8,48.63,,Human
873,26.01,461.84,37.28,,Human
874,28.5,457.8,35.01,,Human
875,29.4,456.1,35.97,,Human
876,28.23,459.2,38.69,,Human
877,30.33,456.21,37.8,,Human
878,27.75,460.4,41.19,,Human
879,27.43,461.76,41.98,,Human
880,23.97,472.96,44.34,,Human
881,21.13,481.99,59.33,,Human
882,20.62,549.82,75.24,,Human
883,19.47,617.17,81.33,,Human
884,18.62,661.83,85.96,,Human
885,17.93,700.66,88.04,,Human
886,17.6,733.08,88.61,,Human
887,17.35,735.52,88.98,,Human
912,17.07,743.0,90.02,,Human
913,17.05,724.78,90.26,,Human
914,16.81,713.32,91.14,,Human
915,16.55,711.9,91.95,,Human
916,16.38,731.04,93.51,,Human
917,16.48,753.54,94.8,,Human
918,17.53,748.23,95.23,,Human
919,20.78,589.32,73.71,,Human
920,23.76,444.94,51.44,,Human
921,24.55,443.65,50.87,,Human
922,24.59,447.9,51.89,,Human
923,27.71,450.37,46.62,,Human
924,27.67,457.41,44.9,,Human
925,25.72,461.63,43.94,,Human
926,24.17,465.21,44.29,,Human
927,23.27,469.25,44.61,,Human
928,21.13,478.54,47.05,,Human
929,20.1,520.54,62.72,,Human
930,18.96,560.08,80.4,,Human
931,16.3,622.2,90.22,,Human
932,15.2,670.85,93.14,,Human
933,14.33,701.43,93.76,,Human
934,13.77,731.59,94.35,,Human
935,13.76,746.0,95.29,,Human
1152,12.89,781.82,100.0,,Human
1153,12.91,815.7,100.0,,Human
1154,12.8,825.89,100.0,,Human
1155,12.47,828.76,100.0,,Human
1156,11.95,838.37,100.0,,Human
1157,12.62,828.58,99.8,,Human
1158,18.03,688.09,92.92,,Human
1159,24.44,486.37,69.34,,Human
1160,26.9,485.49,63.73,,Human
1161,29.24,480.59,59.29,,Human
1162,31.44,472.29,56.17,,Human
1163,32.48,463.93,47.12,,Human
1164,32.17,470.07,46.4,,Human
1165,31.71,473.49,44.57,,Human
1166,29.6,482.8,45.44,,Human
1167,26.72,485.87,45.58,,Human
1168,24.04,480.19,40.38,,Human
1169,20.46,482.77,44.17,,Human
1170,18.2,495.92,60.03,,Human
1171,16.7,510.57,66.02,,Human
1172,15.36,546.43,83.32,,Human
1173,13.96,602.53,93.81,,Human
1174,13.27,649.24,96.49,,Human
1175,12.48,690.75,96.83,,Human
1200,10.69,680.91,97.01,,Human
1201,10.34,682.67,97.65,,Human
1202,10.18,681.56,98.23,,Human
1203,9.78,686.13,98.57,,Human
1204,9.55,694.23,99.39,,Human
1205,10.9,684.5,98.28,,Human
1206,18.26,554.59,85.56,,Human
1207,25.22,441.11,60.71,,Human
1208,28.55,439.09,48.34,,Human
1209,31.15,442.38,42.65,,Human
1210,32.64,444.08,39.82,,Human
1211,32.08,464.12,38.55,,Human
1212,32.21,472.71,37.03,,Human
1213,33.42,472.89,37.06,,Human
1214,32.33,470.65,36.69,,Human
1215,30.23,475.38,36.94,,Human
1216,25.7,486.37,38.14,,Human
1217,23.31,484.1,42.85,,Human
1218,20.71,509.32,68.01,,Human
1219,18.28,575.54,84.91,,Human
1220,17.34,634.12,89.62,,Human
1221,16.7,683.81,92.87,,Human
1222,16.0,722.21,95.0,,Human
1223,16.01,720.98,93.72,,Human
1344,13.81,864.22,100.0,,Human
1345,13.55,906.73,100.0,,Human
1346,13.34,936.66,100.0,,Human
1347,13.23,961.29,100.0,,Human
1348,13.12,985.72,100.0,,Human
1349,13.63,958.65,100.0,,Human
1350,18.26,812.05,94.35,,Human
1351,23.05,586.38,78.3,,Human
1352,27.51,573.72,64.93,,Human
1353,26.69,593.38,66.14,,Human
1354,28.65,594.34,63.2,,Human
1355,28.41,601.11,62.59,,Human
1356,31.71,603.75,58.39,,Human
1357,32.03,603.12,56.31,,Human
1358,30.68,613.63,55.58,,Human
1359,29.76,617.72,55.55,,Human
1360,25.24,626.13,61.7,,Human
1361,21.4,631.99,71.36,,Human
1362,18.96,644.29,87.75,,Human
1363,16.66,692.92,95.0,,Human
1364,15.57,737.76,97.56,,Human
1365,14.63,760.0,98.27,,Human
1366,13.9,788.81,99.3,,Human
1367,13.3,830.12,99.57,,Human
1392,12.85,865.66,99.86,,Human
1393,12.62,886.51,99.97,,Human
1394,12.75,907.14,100.0,,Human
1395,12.67,920.13,100.0,,Human
1396,13.02,930.96,100.0,,Human
1397,13.78,921.77,100.0,,Human
1398,16.47,826.55,98.45,,Human
1399,19.75,661.71,94.26,,Human
1400,24.28,587.22,69.27,,Human
1401,24.89,601.02,63.27,,Human
1402,28.03,611.13,54.96,,Human
1403,28.85,609.37,53.02,,Human
1404,26.53,613.93,56.72,,Human
1405,24.25,618.46,59.51,,Human
1406,21.16,602.88,72.86,,Human
1407,21.61,598.52,73.9,,Human
1408,18.72,619.04,84.43,,Human
1409,17.16,643.31,92.85,,Human
1410,16.66,675.48,95.56,,Human
1411,15.79,720.84,97.3,,Human
1412,15.26,760.58,98.7,,Human
1413,15.3,802.81,99.82,,Human
1414,14.88,831.65,99.07,,Human
1415,14.16,862.28,99.45,,Human
1416,13.77,872.73,99.91,,Human
1417,13.42,871.2,99.98,,Human
1418,13.15,870.07,100.0,,Human
1419,13.04,883.4,100.0,,Human
1420,13.03,906.4,100.0,,Human
1421,13.16,918.92,100.0,,Human
1422,13.98,905.66,100.0,,Human
1423,15.59,846.94,99.89,,Human
1424,16.14,755.72,99.72,,Human
1425,16.86,659.5,98.06,,Human
1426,17.36,592.6,97.43,,Human
1427,17.41,547.78,97.1,,Human
1428,16.29,561.52,98.63,,Human
1429,17.64,513.72,97.65,,Human
1430,17.87,479.67,97.06,,Human
1431,17.57,478.28,97.66,,Human
1432,16.72,506.79,98.52,,Human
1433,15.84,560.72,99.72,,Human
1434,15.17,618.35,99.99,,Human
1435,14.48,675.27,100.0,,Human
1436,14.29,722.22,100.0,,Human
1437,13.85,757.64,100.0,,Human
1438,13.85,779.45,100.0,,Human
1439,13.84,798.03,100.0,,Human
1848,21.19,645.09,76.9,,Human
1849,21.3,644.33,76.13,,Human
1850,21.14,647.34,76.77,,Human
1851,20.56,657.42,81.62,,Human
1852,19.6,674.98,88.01,,Human
1853,20.08,651.48,88.16,,Human
1854,21.73,637.11,85.71,,Human
1855,24.66,622.06,79.17,,Human
1856,27.11,624.53,72.44,,Human
1857,30.55,611.38,65.42,,Human
1858,31.68,595.41,66.42,,Human
1859,31.31,605.65,66.1,,Human
1860,29.14,618.58,68.91,,Human
1861,31.0,607.21,68.8,,Human
1862,28.2,612.68,74.27,,Human
1863,28.44,610.19,72.39,,Human
1864,26.6,622.26,75.18,,Human
1865,24.83,633.17,78.29,,Human
1866,23.34,657.41,80.55,,Human
1867,21.92,708.0,87.3,,Human
1868,21.13,670.33,86.98,,Human
1869,20.64,686.6,90.75,,Human
1870,19.9,702.61,93.42,,Human
1871,19.61,653.24,88.31,,Human
1896,18.78,658.87,88.18,,Human
1897,18.08,680.22,90.83,,Human
1898,17.57,711.16,93.75,,Human
1899,17.73,664.5,90.4,,Human
1900,17.42,675.16,93.83,,Human
1901,18.23,643.09,92.18,,Human
1902,20.35,618.48,88.3,,Human
1903,23.38,607.58,80.23,,Human
1904,25.61,608.07,73.8,,Human
1905,23.4,629.7,77.09,,Human
1906,24.54,626.28,76.63,,Human
1907,25.24,629.8,74.36,,Human
1908,24.98,621.68,75.34,,Human
1909,25.96,616.48,72.94,,Human
1910,26.28,615.79,71.11,,Human
1911,26.95,618.99,69.21,,Human
1912,25.64,623.32,72.05,,Human
1913,24.28,616.35,74.59,,Human
1914,22.51,625.17,79.96,,Human
1915,21.7,631.11,84.17,,Human
1916,21.13,637.28,87.42,,Human
1917,20.71,641.15,88.96,,Human
1918,19.51,646.08,91.12,,Human
1919,18.93,648.13,93.76,,Human
1944,19.24,646.6,92.11,,Human
1945,18.9,652.92,94.3,,Human
1946,19.02,662.64,96.85,,Human
1947,19.01,660.92,98.65,,Human
1948,18.91,660.67,99.27,,Human
1949,19.38,633.89,97.93,,Human
1950,20.9,614.24,89.77,,Human
1951,24.16,610.65,80.16,,Human
1952,29.17,610.48,66.87,,Human
1953,32.93,611.04,59.12,,Human
1954,35.38,579.55,53.77,,Human
1955,34.0,574.46,56.91,,Human
1956,34.02,576.63,58.48,,Human
1957,33.44,572.78,58.51,,Human
1958,34.02,571.68,56.6,,Human
1959,30.0,568.01,64.28,,Human
1960,26.58,580.95,67.73,,Human
1961,24.38,595.11,69.88,,Human
1962,22.73,614.2,70.11,,Human
1963,21.12,655.83,79.9,,Human
1964,19.95,713.92,87.11,,Human
1965,19.18,747.27,91.1,,Human
1966,18.64,773.53,93.85,,Human
1967,18.74,675.38,91.93,,Human
1992,18.67,666.21,90.33,,Human
1993,19.21,646.02,93.2,,Human
1994,18.74,658.64,95.28,,Human
1995,18.23,660.27,96.31,,Human
1996,18.05,647.66,96.22,,Human
1997,18.57,650.55,94.99,,Human
1998,21.24,630.68,89.03,,Human
1999,24.94,610.6,79.15,,Human
2000,26.54,596.82,70.63,,Human
2001,30.02,592.31,64.08,,Human
2002,31.72,586.8,58.18,,Human
2003,30.5,581.37,61.14,,Human
2004,31.82,579.5,58.99,,Human
2005,32.09,584.23,56.63,,Human
2006,32.5,590.63,53.53,,Human
2007,31.23,594.31,52.37,,Human
2008,29.07,599.75,50.67,,Human
2009,26.67,606.87,53.67,,Human
2010,24.26,619.59,61.43,,Human
2011,22.41,629.88,69.11,,Human
2012,20.97,646.76,81.56,,Human
2013,20.71,656.32,82.36,,Human
2014,19.78,656.22,88.28,,Human
2015,19.02,653.09,92.26,,Human
2040,18.33,676.08,94.72,,Human
2041,17.67,658.81,94.81,,Human
2042,17.18,640.76,94.43,,Human
2043,16.78,644.43,94.65,,Human
2044,16.7,645.78,95.1,,Human
2045,18.0,619.62,93.19,,Human
2046,20.38,610.65,84.82,,Human
2047,24.18,603.22,73.73,,Human
2048,27.63,592.93,68.02,,Human
2049,27.87,597.48,69.27,,Human
2050,30.1,603.0,65.76,,Human
2051,30.38,597.84,65.92,,Human
2052,32.28,578.76,66.35,,Human
2053,31.84,579.74,67.1,,Human
2054,30.98,583.85,66.23,,Human
2055,29.33,590.2,66.8,,Human
2056,27.21,596.66,63.24,,Human
2057,24.98,606.54,58.69,,Human
2058,23.09,615.09,70.11,,Human
2059,21.72,624.47,76.46,,Human
2060,20.83,624.23,79.85,,Human
2061,19.85,617.46,85.21,,Human
2062,18.67,614.87,93.33,,Human
2063,18.1,623.68,96.54,,Human
2088,17.38,658.6,97.23,,Human
2089,17.34,643.84,99.07,,Human
2090,17.36,640.31,99.03,,Human
2091,17.49,628.67,99.66,,Human
2092,17.74,626.91,99.47,,Human
2093,18.19,611.3,98.09,,Human
2094,20.46,578.84,90.7,,Human
2095,24.3,564.18,79.86,,Human
2096,29.22,553.34,68.43,,Human
2097,32.69,553.42,61.96,,Human
2098,34.72,559.87,57.16,,Human
2099,33.28,565.91,59.48,,Human
2100,33.11,564.45,59.0,,Human
2101,33.98,570.18,53.96,,Human
2102,34.8,575.5,48.46,,Human
2103,32.62,580.32,50.04,,Human
2104,29.57,583.58,52.51,,Human
2105,25.68,596.37,55.29,,Human
2106,22.74,610.56,66.0,,Human
2107,20.7,643.51,76.61,,Human
2108,19.49,630.61,76.07,,Human
2109,19.83,615.36,69.77,,Human
2110,19.81,611.44,73.17,,Human
2111,19.61,614.69,70.09,,Human
2136,20.07,615.83,64.43,,Human
2137,20.08,625.62,61.24,,Human
2138,19.55,619.85,63.3,,Human
2139,18.78,622.34,70.79,,Human
2140,18.3,619.57,79.09,,Human
2141,18.2,611.04,86.54,,Human
2142,20.55,583.48,87.85,,Human
2143,25.89,576.69,74.1,,Human
2144,30.12,577.05,62.04,,Human
2145,33.12,572.48,55.29,,Human
2146,34.11,571.36,46.97,,Human
2147,32.69,574.24,48.7,,Human
2148,32.21,574.11,49.15,,Human
2149,33.19,576.72,49.03,,Human
2150,33.26,576.92,48.28,,Human
2151,31.75,576.45,49.74,,Human
2152,28.78,580.49,54.04,,Human
2153,25.0,590.75,58.39,,Human
2154,22.24,597.67,63.22,,Human
2155,20.11,612.36,71.4,,Human
2156,18.57,621.96,77.06,,Human
2157,17.46,633.72,83.51,,Human
2158,16.39,660.99,90.7,,Human
2159,15.63,685.43,93.66,,Human
2184,14.72,709.2,94.48,,Human
2185,14.05,733.69,95.02,,Human
2186,13.57,762.32,95.42,,Human
2187,13.32,764.36,96.24,,Human
2188,13.05,767.85,96.97,,Human
2189,14.75,696.8,99.08,,Human
2190,19.03,617.68,92.67,,Human
2191,24.15,598.48,77.18,,Human
2192,29.26,578.31,63.98,,Human
2193,32.28,583.03,57.51,,Human
2194,33.88,579.21,54.87,,Human
2195,32.03,572.64,60.89,,Human
2196,32.62,566.8,58.91,,Human
2197,33.3,565.58,55.59,,Human
2198,32.54,562.59,56.6,,Human
2199,33.16,556.95,58.56,,Human
2200,31.18,571.04,59.7,,Human
2201,26.83,595.38,55.49,,Human
2202,24.49,601.42,64.49,,Human
2203,22.47,619.47,71.59,,Human
2204,20.81,630.09,76.61,,Human
2205,20.12,622.4,73.38,,Human
2206,19.71,622.3,70.92,,Human
2207,18.54,664.62,78.04,,Human
2232,17.79,681.47,82.01,,Human
2233,16.8,684.52,87.28,,Human
2234,16.33,679.13,91.9,,Human
2235,15.72,696.81,93.94,,Human
2236,15.31,695.35,95.47,,Human
2237,16.55,621.79,93.14,,Human
2238,20.19,577.96,80.72,,Human
2239,24.28,570.76,70.71,,Human
2240,27.87,573.2,65.48,,Human
2241,29.5,597.28,61.04,,Human
2242,31.42,589.95,62.07,,Human
2243,31.61,585.38,63.64,,Human
2244,31.76,586.06,61.85,,Human
2245,31.6,589.24,61.0,,Human
2246,30.36,603.32,58.47,,Human
2247,29.65,605.25,66.95,,Human
2248,28.66,606.16,69.99,,Human
2249,27.51,600.21,70.39,,Human
2250,25.98,533.8,70.02,,Human
2251,24.06,549.51,77.64,,Human
2252,23.06,522.21,77.93,,Human
2253,22.15,497.37,77.67,,Human
2254,21.72,478.72,78.3,,Human
2255,20.82,491.15,82.68,,Human
2280,19.83,521.66,87.51,,Human
2281,18.89,551.77,92.6,,Human
2282,18.39,580.14,94.99,,Human
2283,17.91,566.82,95.33,,Human
2284,17.83,534.32,94.73,,Human
2285,18.55,549.29,95.85,,Human
2286,20.25,507.07,92.74,,Human
2287,21.27,482.3,89.91,,Human
2288,23.13,476.38,87.25,,Human
2289,25.89,453.29,79.77,,Human
2290,29.81,442.18,71.46,,Human
2291,31.07,445.63,68.89,,Human
2292,31.32,443.37,66.05,,Human
2293,29.88,433.65,65.0,,Human
2294,31.61,424.72,62.32,,Human
2295,31.28,430.93,57.27,,Human
2296,30.23,442.38,53.96,,Human
2297,27.52,455.25,56.71,,Human
2298,24.68,463.78,63.73,,Human
2299,22.54,474.88,68.28,,Human
2300,20.46,515.45,80.5,,Human
2301,19.56,523.01,82.77,,Human
2302,18.66,540.0,86.35,,Human
2303,17.63,562.52,90.65,,Human
2328,17.03,558.09,93.26,,Human
2329,16.97,533.33,94.75,,Human
2330,16.61,555.65,95.8,,Human
2331,15.81,600.17,96.14,,Human
2332,15.4,618.45,97.29,,Human
2333,16.6,587.77,99.27,,Human
2334,20.58,479.85,90.84,,Human
2335,24.83,453.24,77.98,,Human
2336,28.51,440.69,69.2,,Human
2337,31.46,430.78,63.26,,Human
2338,33.41,434.17,60.36,,Human
2339,33.87,430.94,59.12,,Human
2340,34.31,426.18,58.73,,Human
2341,34.95,426.28,57.33,,Human
2342,35.48,428.01,57.12,,Human
2343,34.31,429.18,58.1,,Human
2344,32.09,434.39,63.02,,Human
2345,28.48,455.27,66.19,,Human
2346,25.56,483.45,71.08,,Human
2347,23.31,547.8,84.84,,Human
2348,21.85,567.98,87.88,,Human
2349,20.79,586.51,91.19,,Human
2350,20.44,525.16,92.0,,Human
2351,20.43,502.17,87.28,,Human
2376,20.16,509.51,83.39,,Human
2377,19.57,516.75,84.02,,Human
2378,18.97,540.35,87.81,,Human
2379,18.45,509.13,89.86,,Human
2380,18.56,496.75,92.26,,Human
2381,19.56,478.31,89.01,,Human
2382,22.06,462.41,83.87,,Human
2383,25.03,450.58,74.77,,Human
2384,27.51,464.5,66.66,,Human
2385,29.44,459.34,64.39,,Human
2386,31.18,454.6,61.47,,Human
2387,31.33,453.61,60.77,,Human
2388,31.99,458.31,60.95,,Human
2389,32.43,456.83,60.03,,Human
2390,32.11,463.31,57.69,,Human
2391,31.62,468.78,57.14,,Human
2392,30.41,476.07,56.14,,Human
2393,28.22,484.04,59.88,,Human
2394,26.55,486.4,60.31,,Human
2395,25.14,483.74,69.9,,Human
2396,24.29,487.54,72.79,,Human
2397,23.55,487.16,73.52,,Human
2398,22.62,491.32,75.07,,Human
2399,21.64,504.9,79.13,,Human
2424,20.86,500.67,80.44,,Human
2425,20.82,495.36,80.4,,Human
2426,20.76,493.34,81.24,,Human
2427,20.68,494.42,81.87,,Human
2428,20.75,491.54,83.17,,Human
2429,20.66,486.13,88.0,,Human
2430,22.4,478.17,86.03,,Human
2431,24.8,465.73,81.89,,Human
2432,27.35,462.49,74.72,,Human
2433,29.05,465.98,68.45,,Human
2434,30.82,458.71,64.79,,Human
2435,31.58,464.25,62.14,,Human
2436,32.35,463.59,60.06,,Human
2437,32.6,460.51,58.56,,Human
2438,32.5,458.3,58.87,,Human
2439,30.65,466.35,59.31,,Human
2440,29.73,457.13,67.64,,Human
2441,27.98,463.05,69.05,,Human
2442,26.34,470.71,72.42,,Human
2443,24.94,477.97,74.65,,Human
2444,23.74,483.04,77.92,,Human
2445,22.79,485.82,80.11,,Human
2446,22.34,485.33,80.9,,Human
2447,21.76,495.97,83.29,,Human
2472,21.09,494.12,84.88,,Human
2473,20.56,504.53,85.89,,Human
2474,19.92,504.07,86.99,,Human
2475,19.42,501.64,86.52,,Human
2476,18.96,501.5,87.44,,Human
2477,19.7,479.31,84.84,,Human
2478,21.61,456.13,84.32,,Human
2479,25.31,446.53,76.61,,Human
2480,27.14,455.62,68.86,,Human
2481,29.48,439.25,67.34,,Human
2482,30.6,430.74,67.78,,Human
2483,31.71,430.24,66.16,,Human
2484,30.75,433.05,68.01,,Human
2485,31.17,425.77,70.52,,Human
2486,31.64,432.65,67.14,,Human
2487,30.28,435.41,70.3,,Human
2488,27.89,449.0,71.59,,Human
2489,26.58,458.39,71.38,,Human
2490,25.22,468.71,74.21,,Human
2491,23.68,482.64,78.28,,Human
2492,22.34,495.13,82.21,,Human
2493,21.75,509.19,84.29,,Human
2494,20.78,521.55,87.54,,Human
2495,19.47,545.51,91.88,,Human
2520,18.78,559.79,93.23,,Human
2521,19.01,528.05,92.35,,Human
2522,19.37,495.75,86.56,,Human
2523,19.87,484.35,81.74,,Human
2524,19.38,491.22,85.82,,Human
2525,19.7,474.3,87.61,,Human
2526,20.9,459.01,84.14,,Human
2527,22.16,437.78,83.29,,Human
2528,23.46,431.95,80.67,,Human
2529,24.14,435.32,78.41,,Human
2530,25.63,437.43,74.78,,Human
2531,25.03,447.18,75.55,,Human
2532,23.75,451.78,71.96,,Human
2533,23.56,449.33,75.87,,Human
2534,23.1,449.7,78.27,,Human
2535,22.67,447.65,84.08,,Human
2536,22.52,450.75,81.8,,Human
2537,22.22,460.45,82.52,,Human
2538,21.06,478.64,84.0,,Human
2539,20.02,493.4,87.6,,Human
2540,19.55,498.03,90.47,,Human
2541,19.29,540.63,93.99,,Human
2542,19.08,576.51,95.67,,Human
2543,19.02,576.84,96.05,,Human
2568,18.83,498.92,89.7,,Human
2569,18.71,478.05,87.75,,Human
2570,18.57,486.18,90.45,,Human
2571,18.36,498.41,93.38,,Human
2572,18.18,495.37,95.88,,Human
2573,18.41,483.62,97.78,,Human
2574,18.89,473.55,97.05,,Human
2575,19.86,447.64,92.97,,Human
2576,20.16,437.2,92.94,,Human
2577,21.4,427.86,89.96,,Human
2578,22.77,425.09,86.63,,Human
2579,22.66,422.56,88.03,,Human
2580,21.47,434.1,90.2,,Human
2581,22.98,422.65,89.2,,Human
2582,27.58,418.49,75.47,,Human
2583,26.24,425.54,76.62,,Human
2584,23.72,439.62,81.11,,Human
2585,22.72,441.52,82.37,,Human
2586,21.65,450.92,85.07,,Human
2587,20.6,463.48,87.78,,Human
2588,20.06,472.36,90.03,,Human
2589,19.69,482.42,92.0,,Human
2590,19.52,491.64,93.29,,Human
2591,19.3,495.98,94.14,,Human
2616,19.16,494.8,95.47,,Human
2617,19.03,487.67,95.5,,Human
2618,18.73,494.11,96.73,,Human
2619,18.59,506.22,98.2,,Human
2620,18.56,502.15,98.28,,Human
2621,19.49,470.84,96.05,,Human
2622,21.41,443.87,90.24,,Human
2623,22.67,434.66,87.28,,Human
2624,26.82,427.14,79.47,,Human
2625,30.45,423.81,69.21,,Human
2626,30.5,425.37,68.35,,Human
2627,29.28,423.83,71.09,,Human
2628,31.22,417.86,67.02,,Human
2629,29.37,425.87,69.1,,Human
2630,28.24,425.61,70.92,,Human
2631,28.13,423.73,70.76,,Human
2632,25.54,425.99,75.99,,Human
2633,24.14,434.33,77.49,,Human
2634,22.39,448.32,82.44,,Human
2635,20.57,459.83,93.78,,Human
2636,19.76,467.07,97.97,,Human
2637,19.53,480.01,99.25,,Human
2638,19.43,476.6,99.74,,Human
2639,19.17,463.99,99.5,,Human
2664,18.32,446.47,96.31,,Human
2665,17.58,448.95,97.94,,Human
2666,17.18,450.55,98.34,,Human
2667,16.84,465.67,99.59,,Human
2668,16.8,495.68,100.0,,Human
2669,16.8,502.45,100.0,,Human
2670,19.14,435.77,95.23,,Human
2671,22.1,421.0,83.47,,Human
2672,25.59,413.71,74.11,,Human
2673,28.78,410.29,67.16,,Human
2674,30.72,407.01,63.12,,Human
2675,30.56,413.65,63.7,,Human
2676,30.49,417.3,63.5,,Human
2677,32.5,414.72,60.72,,Human
2678,29.59,419.63,65.61,,Human
2679,28.94,419.47,65.51,,Human
2680,28.55,423.38,64.89,,Human
2681,25.03,428.01,75.19,,Human
2682,22.57,439.56,81.52,,Human
2683,20.69,496.75,92.01,,Human
2684,19.05,561.84,95.23,,Human
2685,17.91,614.13,97.18,,Human
2686,17.34,645.45,97.99,,Human
2687,16.89,690.59,98.32,,Human
2712,16.63,710.29,99.05,,Human
2713,16.54,675.98,99.47,,Human
2714,16.35,611.78,99.62,,Human
2715,16.36,546.94,99.88,,Human
2716,16.86,524.21,100.0,,Human
2717,18.07,511.73,99.82,,Human
2718,20.5,499.17,94.33,,Human
2719,23.98,477.34,84.86,,Human
2720,27.45,442.43,76.97,,Human
2721,30.59,404.09,67.8,,Human
2722,32.39,395.72,65.09,,Human
2723,29.86,408.72,69.07,,Human
2724,23.37,435.54,86.67,,Human
2725,27.37,417.01,79.89,,Human
2726,32.84,403.23,64.93,,Human
2727,32.43,406.62,64.07,,Human
2728,29.18,412.03,68.87,,Human
2729,25.54,420.6,76.74,,Human
2730,23.02,431.01,85.22,,Human
2731,21.34,465.75,90.52,,Human
2732,19.81,537.09,95.63,,Human
2733,18.48,591.88,97.27,,Human
2734,18.4,531.85,99.41,,Human
2735,18.42,522.47,99.66,,Human
2760,18.02,531.63,99.7,,Human
2761,17.66,547.66,99.69,,Human
2762,17.13,583.65,99.66,,Human
2763,16.83,582.24,99.95,,Human
2764,16.66,594.54,99.92,,Human
2765,17.79,536.91,99.87,,Human
2766,20.92,465.91,95.53,,Human
2767,24.94,449.58,86.77,,Human
2768,28.62,440.47,77.57,,Human
2769,31.86,427.47,72.12,,Human
2770,35.02,422.88,64.14,,Human
2771,35.62,419.38,63.69,,Human
2772,35.26,414.41,64.22,,Human
2773,36.11,412.06,61.62,,Human
2774,36.08,414.81,60.13,,Human
2775,35.16,415.59,62.63,,Human
2776,32.19,420.46,63.03,,Human
2777,28.12,436.32,69.53,,Human
2778,25.29,463.91,84.56,,Human
2779,23.0,535.19,93.03,,Human
2780,21.07,606.16,95.95,,Human
2781,20.28,650.46,98.02,,Human
2782,19.99,668.11,98.9,,Human
2783,19.55,663.96,99.36,,Human
2808,19.34,587.26,99.1,,Human
2809,19.07,570.84,98.92,,Human
2810,19.07,546.91,98.62,,Human
2811,18.94,543.5,98.6,,Human
2812,18.8,536.96,98.95,,Human
2813,19.29,527.98,98.84,,Human
2814,20.57,502.89,96.69,,Human
2815,23.45,462.57,90.15,,Human
2816,26.11,426.92,83.73,,Human
2817,28.03,418.16,80.23,,Human
2818,28.16,413.73,80.65,,Human
2819,29.31,406.63,77.75,,Human
2820,30.81,415.39,74.16,,Human
2821,30.18,419.86,76.58,,Human
2822,30.8,415.9,76.17,,Human
2823,30.32,421.04,76.37,,Human
2824,27.47,433.68,82.46,,Human
2825,25.25,453.7,84.79,,Human
2826,23.83,480.9,89.52,,Human
2827,22.54,542.15,94.98,,Human
2828,21.66,619.13,98.19,,Human
2829,21.04,664.11,99.03,,Human
2830,20.71,636.66,99.73,,Human
2831,20.27,637.26,99.76,,Human
2880,19.66,535.3,99.12,,Human
2881,19.61,539.53,99.83,,Human
2882,19.62,533.55,99.98,,Human
2883,19.4,544.84,100.0,,Human
2884,19.45,561.32,100.0,,Human
2885,20.35,547.78,99.47,,Human
2886,22.22,499.72,94.28,,Human
2887,23.73,473.57,86.63,,Human
2888,26.87,452.99,78.56,,Human
2889,30.48,427.41,69.23,,Human
2890,30.37,430.64,71.49,,Human
2891,28.1,441.57,76.1,,Human
2892,25.41,453.66,84.98,,Human
2893,25.93,445.19,84.29,,Human
2894,30.77,433.68,70.6,,Human
2895,30.05,434.59,67.13,,Human
2896,28.03,439.23,69.91,,Human
2897,25.5,447.93,72.36,,Human
2898,23.41,460.07,77.88,,Human
2899,21.79,469.36,80.69,,Human
2900,20.72,478.07,86.07,,Human
2901,21.19,500.0,85.27,,Human
2902,21.28,491.86,85.88,,Human
2903,21.23,488.4,86.86,,Human
2928,21.37,474.15,80.57,,Human
2929,21.44,470.14,75.21,,Human
2930,21.48,469.21,76.59,,Human
2931,21.29,478.07,80.44,,Human
2932,20.72,482.72,84.13,,Human
2933,20.88,479.62,86.22,,Human
2934,22.01,462.12,85.7,,Human
2935,23.71,449.76,82.01,,Human
2936,24.22,449.83,81.99,,Human
2937,23.26,449.58,85.3,,Human
2938,25.73,437.9,78.78,,Human
2939,23.53,444.94,85.95,,Human
2940,23.08,441.45,86.96,,Human
2941,25.71,417.6,84.99,,Human
2942,25.68,426.65,81.56,,Human
2943,25.23,431.32,77.59,,Human
2944,24.75,437.88,74.11,,Human
2945,24.22,445.29,73.19,,Human
2946,22.96,455.71,74.46,,Human
2947,21.58,460.02,78.23,,Human
2948,20.6,468.04,82.15,,Human
2949,19.66,472.07,86.27,,Human
2950,18.84,478.66,90.57,,Human
2951,18.27,474.76,91.89,,Human
2976,17.75,488.5,94.61,,Human
2977,17.48,486.34,95.27,,Human
2978,17.13,480.99,95.25,,Human
2979,16.77,480.81,96.32,,Human
2980,16.56,494.13,98.19,,Human
2981,17.92,481.69,98.93,,Human
2982,20.94,438.58,92.47,,Human
2983,23.43,428.63,85.28,,Human
2984,27.44,418.49,73.94,,Human
2985,27.32,422.81,70.98,,Human
2986,30.33,427.81,65.79,,Human
2987,31.18,426.28,63.78,,Human
2988,28.64,431.36,68.54,,Human
2989,26.83,433.06,72.76,,Human
2990,26.23,437.38,72.63,,Human
2991,27.73,438.36,68.97,,Human
2992,25.42,447.96,73.05,,Human
2993,24.05,448.52,76.48,,Human
2994,22.5,462.82,79.08,,Human
2995,20.23,485.71,87.24,,Human
2996,19.02,504.19,92.56,,Human
2997,18.52,505.97,94.75,,Human
2998,18.1,494.54,95.15,,Human
2999,17.62,506.51,97.39,,Human
3024,17.71,520.89,98.04,,Human
3025,16.87,563.68,98.76,,Human
3026,17.54,599.32,99.94,,Human
3027,17.67,608.08,99.9,,Human
3028,17.69,606.48,99.96,,Human
3029,19.0,531.67,99.3,,Human
3030,21.25,476.83,94.08,,Human
3031,24.74,458.34,86.96,,Human
3032,28.28,444.69,75.8,,Human
3033,30.05,437.55,72.4,,Human
3034,26.95,449.94,78.49,,Human
3035,29.17,433.6,75.71,,Human
3036,33.4,430.09,64.4,,Human
3037,35.52,426.02,57.59,,Human
3038,34.24,426.93,57.71,,Human
3039,33.46,422.56,56.58,,Human
3040,29.83,426.21,62.61,,Human
3041,26.36,427.76,68.28,,Human
3042,22.86,441.4,73.47,,Human
3043,20.27,461.15,79.32,,Human
3044,18.43,474.78,84.21,,Human
3045,17.02,505.26,92.12,,Human
3046,15.81,555.54,94.67,,Human
3047,14.99,588.14,95.99,,Human
3072,14.59,591.73,96.59,,Human
3073,13.98,628.9,96.62,,Human
3074,13.46,651.16,97.12,,Human
3075,13.21,638.78,98.04,,Human
3076,12.91,640.48,98.11,,Human
3077,14.11,590.18,99.25,,Human
3078,18.53,490.45,93.98,,Human
3079,23.99,445.31,78.66,,Human
3080,28.71,425.25,67.01,,Human
3081,31.3,416.95,62.01,,Human
3082,33.24,411.78,59.07,,Human
3083,34.86,410.46,55.37,,Human
3084,35.05,409.76,54.51,,Human
3085,35.64,412.19,51.9,,Human
3086,35.86,415.06,51.58,,Human
3087,33.42,414.18,57.43,,Human
3088,29.79,413.55,63.49,,Human
3089,26.19,423.98,68.13,,Human
3090,22.86,442.08,73.47,,Human
3091,20.42,469.98,82.74,,Human
3092,18.88,505.39,89.64,,Human
3093,17.44,551.08,92.8,,Human
3094,16.59,601.92,96.15,,Human
3095,16.03,653.31,96.83,,Human
3120,15.53,682.51,96.97,,Human
3121,15.21,657.1,97.72,,Human
3122,14.82,627.32,97.53,,Human
3123,14.27,643.81,97.61,,Human
3124,14.06,655.61,98.75,,Human
3125,15.57,588.92,99.51,,Human
3126,18.78,500.81,95.44,,Human
3127,24.49,460.49,79.43,,Human
3128,29.37,429.95,68.64,,Human
3129,32.46,428.08,62.88,,Human
3130,34.41,422.68,59.66,,Human
3131,35.39,410.97,57.3,,Human
3132,36.05,410.61,57.74,,Human
3133,36.49,404.08,57.63,,Human
3134,36.4,401.19,58.2,,Human
3135,33.86,411.76,58.07,,Human
3136,30.88,402.96,68.69,,Human
3137,27.0,426.09,69.0,,Human
3138,24.34,448.53,67.13,,Human
3139,21.83,502.75,81.8,,Human
3140,19.73,571.36,90.2,,Human
3141,18.84,617.14,93.81,,Human
3142,17.95,642.77,96.05,,Human
3143,17.29,654.67,97.24,,Human
3168,16.92,638.21,98.24,,Human
3169,17.35,595.53,99.22,,Human
3170,17.68,616.73,99.09,,Human
3171,17.65,606.6,98.48,,Human
3172,17.11,635.84,99.06,,Human
3173,18.11,594.77,99.47,,Human
3174,21.45,550.87,92.81,,Human
3175,25.46,504.97,82.52,,Human
3176,30.05,464.51,72.23,,Human
3177,33.31,437.58,66.79,,Human
3178,34.2,429.96,66.26,,Human
3179,33.52,417.81,69.03,,Human
3180,33.12,406.41,68.68,,Human
3181,33.47,407.64,69.22,,Human
3182,35.09,410.84,64.39,,Human
3183,33.5,411.54,66.92,,Human
3184,31.03,417.95,69.92,,Human
3185,26.77,437.18,75.77,,Human
3186,24.91,447.52,79.24,,Human
3187,22.79,477.05,86.3,,Human
3188,21.75,518.2,91.12,,Human
3189,21.38,506.27,92.7,,Human
3190,21.27,508.89,93.99,,Human
3191,20.57,510.6,95.44,,Human
3216,19.93,515.73,95.18,,Human
3217,19.42,525.06,94.73,,Human
3218,18.61,547.95,95.4,,Human
3219,18.32,547.69,94.27,,Human
3220,17.9,561.04,95.44,,Human
3221,19.72,522.31,92.84,,Human
3222,21.04,498.97,92.15,,Human
3223,23.61,458.37,87.15,,Human
3224,29.02,423.03,73.59,,Human
3225,31.92,423.82,68.79,,Human
3226,34.19,419.69,66.11,,Human
3227,35.84,412.35,64.64,,Human
3228,35.31,426.05,65.78,,Human
3229,35.55,410.92,66.28,,Human
3230,34.34,416.62,67.49,,Human
3231,33.19,415.69,70.24,,Human
3232,31.23,421.92,73.51,,Human
3233,27.74,447.7,77.8,,Human
3234,25.65,459.93,83.27,,Human
3235,23.26,493.9,88.02,,Human
3236,21.77,530.63,94.16,,Human
3237,20.94,536.98,96.77,77.78399999999998,Human
3238,20.18,578.6,98.47,77.721,Human
3239,19.84,585.82,99.51,77.721,Human
24,16.58,670.95,80.93,76.10400000000001,EGA
25,16.22,693.83,82.96,76.146,EGA
26,15.85,714.51,84.87,76.10400000000001,EGA
27,15.59,733.53,86.39,76.377,EGA
28,15.3,749.44,87.96,76.16700000000002,EGA
29,14.88,762.09,89.58,76.16700000000002,EGA
30,15.19,774.9,88.99,83.62200000000001,EGA
31,22.22,712.73,61.38,158.529,EGA
32,24.37,425.95,34.56,267.981,EGA
33,23.91,396.1,27.34,333.585,EGA
34,23.4,395.35,26.65,289.50600000000014,EGA
35,23.7,394.9,31.0,318.822,EGA
36,24.72,395.79,30.39,311.89200000000005,EGA
37,23.01,399.82,37.31,197.778,EGA
38,22.83,400.87,40.26,181.419,EGA
39,24.44,405.53,37.77,192.99,EGA
40,21.93,411.47,44.22,121.023,EGA
41,18.56,440.3,62.51,87.255,EGA
42,17.86,483.74,69.53,76.251,EGA
43,17.78,524.29,72.86,76.377,EGA
44,17.18,562.32,76.64,76.35600000000002,EGA
45,16.65,595.74,79.52,76.16700000000002,EGA
46,16.22,626.24,81.85,76.31400000000002,EGA
47,15.83,652.6,83.89,76.31400000000002,EGA
48,15.47,677.12,85.71,76.251,EGA
49,15.21,698.76,87.06,76.146,EGA
50,15.05,717.29,88.08,76.293,EGA
51,14.88,734.75,89.27,76.31400000000002,EGA
52,14.56,752.43,90.62,76.125,EGA
53,14.29,768.2,91.81,76.35600000000002,EGA
54,14.45,784.34,92.33,76.188,EGA
55,15.08,790.44,85.52,102.144,EGA
56,18.58,750.5,73.78,200.382,EGA
57,24.09,418.26,39.71,312.27,EGA
58,24.71,403.0,35.05,348.159,EGA
59,23.89,403.27,37.82,273.273,EGA
60,22.91,401.91,39.52,207.543,EGA
61,23.21,402.55,41.93,212.81400000000002,EGA
62,23.91,403.73,44.18,191.751,EGA
63,21.63,411.98,56.02,131.58599999999998,EGA
64,20.27,426.58,63.93,118.104,EGA
65,17.95,453.96,75.16,76.062,EGA
66,17.81,495.63,78.25,76.188,EGA
67,16.91,536.38,82.31,76.062,EGA
68,16.2,572.52,84.94,76.10400000000001,EGA
69,15.67,603.78,86.73,76.04100000000003,EGA
70,15.22,631.39,88.1,76.062,EGA
71,14.81,656.62,89.3,76.125,EGA
96,16.24,685.74,85.56,76.16700000000002,EGA
97,15.85,709.76,87.45,76.146,EGA
98,15.44,731.57,88.97,75.999,EGA
99,15.07,750.9,90.27,75.873,EGA
100,14.71,768.7,91.43,76.04100000000003,EGA
101,14.4,786.68,92.51,75.93599999999998,EGA
102,14.63,802.56,93.15,78.64500000000002,EGA
103,21.18,756.27,68.94,156.93300000000005,EGA
104,24.21,454.01,41.6,257.586,EGA
105,25.43,428.57,31.99,311.157,EGA
106,28.99,414.98,25.73,383.796,EGA
107,31.74,409.22,22.63,493.542,EGA
108,32.78,409.29,21.2,454.04100000000005,EGA
109,33.36,407.44,20.13,435.876,EGA
110,31.59,406.08,19.31,384.783,EGA
111,27.38,407.42,19.93,215.166,EGA
112,22.17,405.64,23.05,141.41400000000004,EGA
113,20.58,416.02,37.08,86.98200000000001,EGA
114,21.13,464.49,49.43,76.461,EGA
115,20.99,517.88,58.34,76.39800000000002,EGA
116,20.39,564.35,65.15,76.33500000000002,EGA
117,19.86,604.95,70.26,76.461,EGA
118,19.27,639.12,74.68,76.293,EGA
119,18.78,669.23,78.33,76.587,EGA
144,18.37,695.77,81.19,76.461,EGA
145,17.98,717.84,83.61,76.27199999999998,EGA
146,17.61,741.09,85.76,76.31400000000002,EGA
147,17.27,760.14,87.47,76.125,EGA
148,16.92,777.84,89.27,76.188,EGA
149,16.53,794.09,91.11,76.146,EGA
150,16.73,805.04,90.85,83.43299999999998,EGA
151,23.04,662.6,61.43,161.82600000000005,EGA
152,24.82,408.79,33.96,290.5560000000001,EGA
153,26.08,401.93,26.43,349.79699999999997,EGA
154,28.57,403.66,24.6,404.985,EGA
155,28.38,402.11,23.19,512.379,EGA
156,30.36,400.6,22.19,480.501,EGA
157,30.8,400.19,20.93,459.48,EGA
158,30.17,399.65,20.9,382.704,EGA
159,27.21,401.11,21.71,238.05599999999998,EGA
160,22.48,402.94,24.21,147.378,EGA
161,20.54,413.91,39.76,87.318,EGA
162,21.33,465.62,51.86,76.251,EGA
163,21.04,521.46,61.16,76.23,EGA
164,20.45,569.68,67.65,76.33500000000002,EGA
165,19.86,612.86,72.52,76.125,EGA
166,19.31,644.91,76.48,76.10400000000001,EGA
167,18.62,675.09,80.54,76.10400000000001,EGA
192,18.09,703.85,83.62,75.93599999999998,EGA
193,17.56,731.79,86.23,76.02000000000002,EGA
194,17.09,756.13,88.21,76.04100000000003,EGA
195,16.68,778.28,89.8,76.062,EGA
196,16.3,800.1,91.15,76.04100000000003,EGA
197,15.96,819.47,92.45,75.89399999999998,EGA
198,16.63,827.48,87.67,94.521,EGA
199,22.17,730.28,66.57,154.266,EGA
200,24.77,461.72,41.72,244.73400000000004,EGA
201,27.16,431.56,30.05,304.66800000000006,EGA
202,31.12,418.23,25.49,384.32099999999997,EGA
203,32.26,409.18,24.06,443.1,EGA
204,33.99,405.56,22.73,419.01300000000003,EGA
205,33.84,402.62,22.98,384.972,EGA
206,32.83,402.61,23.04,309.813,EGA
207,30.24,403.55,24.23,212.35200000000003,EGA
208,25.6,406.82,25.96,139.125,EGA
209,22.32,419.91,35.73,85.67999999999998,EGA
210,22.57,476.72,50.76,76.31400000000002,EGA
211,21.62,546.84,63.53,76.02000000000002,EGA
212,21.05,591.18,69.54,76.16700000000002,EGA
213,20.69,640.69,74.54,76.188,EGA
214,20.29,685.1,78.64,76.293,EGA
215,19.83,726.14,82.22,76.125,EGA
264,20.42,757.21,87.97,76.209,EGA
265,20.19,794.61,89.75,76.35600000000002,EGA
266,19.88,826.69,91.26,76.27199999999998,EGA
267,19.45,845.96,92.09,76.27199999999998,EGA
268,19.04,868.38,93.81,76.27199999999998,EGA
269,18.74,896.95,95.22,76.146,EGA
270,18.91,915.2,95.02,82.152,EGA
271,23.91,717.57,67.82,156.135,EGA
272,26.63,401.07,37.59,241.899,EGA
273,30.11,401.9,32.25,295.47,EGA
274,31.94,402.33,29.24,327.285,EGA
275,32.25,403.08,29.65,323.7990000000001,EGA
276,32.41,400.79,30.36,318.948,EGA
277,32.3,398.5,30.82,327.64200000000005,EGA
278,33.61,396.59,29.04,304.41600000000005,EGA
279,31.22,397.81,28.82,218.736,EGA
280,26.38,401.32,29.76,141.33,EGA
281,22.69,417.96,42.57,80.89200000000002,EGA
282,23.09,479.7,59.01,76.27199999999998,EGA
283,22.68,544.67,69.37,76.293,EGA
284,22.09,601.7,75.62,76.23,EGA
285,21.37,652.28,80.5,76.209,EGA
286,20.68,700.42,84.65,76.251,EGA
287,20.05,743.98,87.99,76.10400000000001,EGA
312,19.53,784.22,90.6,76.125,EGA
313,19.0,817.29,92.45,76.146,EGA
314,18.6,847.18,93.61,76.062,EGA
315,18.5,873.27,94.45,75.97800000000002,EGA
316,18.31,887.11,94.76,76.083,EGA
317,17.96,902.12,95.87,75.97800000000002,EGA
318,18.35,919.1,95.1,86.961,EGA
319,24.02,729.18,71.12,153.69899999999996,EGA
320,24.73,402.65,44.08,230.034,EGA
321,25.29,399.36,34.28,284.466,EGA
322,25.25,402.79,31.0,313.425,EGA
323,25.43,402.53,30.66,347.99100000000016,EGA
324,27.1,402.22,27.87,355.026,EGA
325,24.64,404.04,29.35,236.817,EGA
326,23.98,402.05,28.39,237.741,EGA
327,24.51,401.07,28.54,211.659,EGA
328,20.87,401.56,43.28,116.844,EGA
329,19.65,428.29,64.68,82.78200000000002,EGA
330,17.81,475.3,78.08,76.188,EGA
331,16.41,526.55,85.58,76.251,EGA
332,15.82,568.81,88.43,76.16700000000002,EGA
333,15.6,608.76,89.82,76.209,EGA
334,15.17,621.94,87.82,76.083,EGA
335,14.31,626.29,87.7,76.062,EGA
360,13.86,629.64,88.91,75.915,EGA
361,13.88,625.77,90.85,76.146,EGA
362,13.87,598.97,91.99,76.10400000000001,EGA
363,13.66,567.87,92.04,76.10400000000001,EGA
364,12.92,555.5,91.98,76.083,EGA
365,12.93,552.48,93.8,76.10400000000001,EGA
366,14.27,523.77,92.72,95.361,EGA
367,21.48,441.14,75.38,164.766,EGA
368,21.73,376.58,76.6,147.90300000000005,EGA
369,23.33,354.62,77.35,202.461,EGA
370,22.08,395.77,68.01,179.71800000000005,EGA
371,19.3,402.88,86.83,91.896,EGA
372,18.14,428.81,91.91,89.08200000000002,EGA
373,17.98,451.82,92.81,88.221,EGA
374,17.12,483.4,93.92,85.70100000000002,EGA
375,17.35,502.39,93.3,88.34700000000002,EGA
376,17.12,511.84,93.28,84.42000000000002,EGA
377,16.08,540.31,95.84,76.16700000000002,EGA
378,16.47,585.25,98.97,75.915,EGA
379,16.67,626.34,99.24,76.083,EGA
380,16.4,662.95,99.07,75.915,EGA
381,16.28,697.89,99.46,76.04100000000003,EGA
382,16.23,730.59,99.57,75.97800000000002,EGA
383,15.99,759.16,99.45,76.062,EGA
408,15.69,787.31,99.53,75.915,EGA
409,15.41,812.38,99.49,75.852,EGA
410,15.18,836.57,99.58,75.915,EGA
411,15.14,861.49,99.83,75.89399999999998,EGA
412,15.14,885.05,99.9,75.852,EGA
413,15.0,907.57,99.97,75.873,EGA
414,15.71,917.89,97.16,94.059,EGA
415,20.68,833.06,83.61,148.785,EGA
416,24.86,521.36,63.97,230.013,EGA
417,26.04,440.91,50.01,307.4190000000001,EGA
418,29.61,440.35,42.89,391.335,EGA
419,31.97,432.57,38.81,455.049,EGA
420,33.21,428.58,34.3,442.61699999999996,EGA
421,34.27,426.2,32.27,421.785,EGA
422,32.36,429.04,33.13,324.324,EGA
423,29.68,430.53,32.61,225.267,EGA
424,25.74,430.55,35.36,146.66400000000004,EGA
425,21.23,432.76,40.35,90.951,EGA
426,19.8,478.38,64.31,76.39800000000002,EGA
427,19.63,540.17,78.36,76.503,EGA
428,19.23,598.46,85.75,76.377,EGA
429,18.92,649.38,90.18,76.41900000000003,EGA
430,18.68,692.91,93.17,76.31400000000002,EGA
431,18.38,729.24,95.03,76.16700000000002,EGA
456,18.05,763.34,96.19,76.10400000000001,EGA
457,17.83,795.15,97.08,76.23,EGA
458,17.65,826.78,97.69,76.146,EGA
459,17.44,853.29,98.2,76.062,EGA
460,17.29,880.32,98.69,76.04100000000003,EGA
461,17.15,905.56,99.11,76.062,EGA
462,16.68,807.19,94.53,86.14200000000002,EGA
463,16.27,535.95,87.34,116.214,EGA
464,17.77,444.91,81.51,127.197,EGA
465,18.6,426.44,75.79,128.856,EGA
466,17.52,429.07,78.33,107.331,EGA
467,19.83,406.77,86.57,138.20100000000002,EGA
468,21.99,391.81,85.53,148.47,EGA
469,20.57,412.33,85.78,123.018,EGA
470,21.35,387.51,85.93,134.232,EGA
471,19.6,390.85,88.18,117.22200000000001,EGA
472,18.53,411.33,90.25,101.01,EGA
473,17.15,430.49,92.13,84.27300000000002,EGA
474,14.51,479.31,94.67,76.10400000000001,EGA
475,13.23,531.26,96.56,75.999,EGA
476,12.73,573.65,97.71,76.146,EGA
477,12.54,609.42,98.25,76.04100000000003,EGA
478,12.23,640.96,98.74,76.146,EGA
479,12.32,668.04,99.03,76.062,EGA
504,12.11,686.71,98.95,75.999,EGA
505,11.65,699.34,98.28,76.04100000000003,EGA
506,11.27,707.08,98.74,75.95700000000002,EGA
507,11.1,718.99,99.26,75.97800000000002,EGA
508,10.85,722.19,99.61,75.93599999999998,EGA
509,10.63,727.74,99.58,75.999,EGA
510,9.84,701.1,98.62,77.322,EGA
511,9.7,658.7,98.4,81.396,EGA
512,10.67,607.39,97.2,103.27799999999999,EGA
513,16.14,507.81,90.6,169.32299999999995,EGA
514,16.86,423.81,88.15,137.382,EGA
515,16.77,391.37,89.45,145.572,EGA
516,24.11,437.93,63.91,414.582,EGA
517,24.54,470.09,53.55,375.54300000000006,EGA
518,24.13,461.08,58.19,261.051,EGA
519,23.19,447.87,64.05,195.00599999999997,EGA
520,21.84,434.84,71.96,138.054,EGA
521,17.8,471.88,90.86,76.188,EGA
522,16.6,540.72,96.58,76.146,EGA
523,15.9,596.21,97.59,76.23,EGA
524,15.26,641.97,98.07,76.10400000000001,EGA
525,14.72,679.82,98.39,76.04100000000003,EGA
526,14.36,717.69,98.86,76.02000000000002,EGA
527,14.23,752.93,99.25,76.209,EGA
552,14.12,784.18,99.39,76.083,EGA
553,13.89,812.52,99.42,76.251,EGA
554,13.57,836.0,99.52,76.125,EGA
555,13.32,856.94,99.65,76.02000000000002,EGA
556,13.03,872.09,99.6,76.02000000000002,EGA
557,12.82,879.94,99.74,76.062,EGA
558,12.93,883.89,99.9,77.88900000000002,EGA
559,20.39,710.95,73.79,178.05900000000003,EGA
560,25.8,463.74,57.82,307.062,EGA
561,24.25,456.42,55.17,289.3590000000001,EGA
562,23.56,455.78,60.63,289.8420000000001,EGA
563,23.42,456.16,59.98,291.33299999999997,EGA
564,21.97,447.49,67.51,211.155,EGA
565,22.04,438.96,69.55,207.984,EGA
566,21.66,433.41,72.88,173.04000000000005,EGA
567,20.09,433.87,74.41,153.636,EGA
568,17.04,456.87,78.78,112.39200000000001,EGA
569,14.26,489.52,87.51,80.87100000000002,EGA
570,14.36,550.84,96.4,76.188,EGA
571,14.62,605.59,96.96,76.146,EGA
572,14.53,650.95,97.25,76.125,EGA
573,14.32,690.6,97.63,76.16700000000002,EGA
574,14.01,727.5,97.96,76.146,EGA
575,13.73,760.02,98.3,76.23,EGA
600,13.47,790.8,98.54,76.209,EGA
601,13.31,817.59,98.9,76.10400000000001,EGA
602,13.3,843.74,99.21,76.04100000000003,EGA
603,13.28,866.66,99.39,76.083,EGA
604,13.21,888.15,99.61,76.083,EGA
605,13.14,906.52,99.81,76.062,EGA
606,13.24,924.09,99.96,76.146,EGA
607,14.83,868.37,92.55,135.03,EGA
608,17.7,702.27,86.86,162.05700000000004,EGA
609,22.57,528.26,74.54,243.39,EGA
610,21.25,442.25,67.66,238.455,EGA
611,16.3,476.69,62.09,238.035,EGA
612,17.62,443.37,73.21,225.498,EGA
613,20.78,461.44,67.97,208.34099999999998,EGA
614,20.99,451.4,68.34,222.72600000000003,EGA
615,20.35,441.8,73.35,164.34599999999998,EGA
616,19.35,425.24,83.12,123.459,EGA
617,17.75,450.71,91.96,79.905,EGA
618,16.51,521.71,97.25,76.209,EGA
619,15.49,582.12,97.82,76.188,EGA
620,14.74,632.86,98.25,76.16700000000002,EGA
621,14.19,675.83,98.51,76.083,EGA
622,13.74,715.06,98.74,76.188,EGA
623,13.38,751.8,98.94,76.083,EGA
648,13.08,785.94,99.2,76.04100000000003,EGA
649,12.98,817.12,99.56,76.04100000000003,EGA
650,12.9,843.25,99.66,75.999,EGA
651,12.65,867.53,99.68,76.02000000000002,EGA
652,12.4,889.41,99.75,75.93599999999998,EGA
653,12.15,905.91,99.86,75.915,EGA
654,12.52,926.51,100.0,76.797,EGA
655,21.0,778.88,74.58,180.36900000000003,EGA
656,24.05,472.23,52.2,308.112,EGA
657,23.99,479.87,43.39,350.13300000000015,EGA
658,25.55,487.17,37.33,450.576,EGA
659,25.52,490.53,36.71,530.2080000000002,EGA
660,26.56,489.67,34.65,510.195,EGA
661,25.95,491.85,32.41,509.376,EGA
662,24.49,492.46,32.05,408.03,EGA
663,23.4,487.8,32.24,271.236,EGA
664,21.03,479.97,47.15,160.398,EGA
665,19.35,476.5,81.27,84.525,EGA
666,18.31,543.94,92.9,76.377,EGA
667,17.84,613.02,95.43,76.33500000000002,EGA
668,17.69,670.34,96.47,76.146,EGA
669,17.49,722.49,97.11,76.251,EGA
670,17.26,772.24,97.65,76.10400000000001,EGA
671,16.98,811.01,98.11,76.209,EGA
696,16.42,846.12,98.42,336.23,EGA
697,15.91,882.23,98.74,336.1880000000001,EGA
698,15.37,909.61,98.8,336.23,EGA
699,14.87,932.74,98.99,336.083,EGA
700,14.43,954.61,99.26,336.1040000000001,EGA
701,14.17,974.87,99.6,335.936,EGA
702,15.74,983.78,95.92,355.046,EGA
703,22.82,663.49,66.72,438.857,EGA
704,24.4,466.26,45.17,286.797,EGA
705,22.08,462.86,47.56,484.532,EGA
706,22.09,478.55,39.13,275.961,EGA
707,21.29,479.63,34.32,270.10200000000003,EGA
708,21.19,474.11,45.94,454.754,EGA
709,20.92,473.85,46.49,435.098,EGA
710,19.31,483.73,53.57,114.282,EGA
711,20.39,475.93,71.21,147.0,EGA
712,20.29,481.93,70.07,118.02,EGA
713,18.48,503.52,88.07,76.69200000000002,EGA
714,17.89,573.05,93.29,76.251,EGA
715,17.74,632.19,95.94,76.31400000000002,EGA
716,17.57,686.54,97.46,76.41900000000003,EGA
717,17.34,737.54,98.3,76.377,EGA
718,16.92,786.31,98.65,76.33500000000002,EGA
719,16.54,824.68,98.88,76.27199999999998,EGA
744,16.18,854.23,98.98,336.314,EGA
745,15.92,872.04,98.97,336.1670000000001,EGA
746,15.64,893.6,99.27,336.272,EGA
747,15.59,918.63,99.58,336.314,EGA
748,15.53,939.23,99.67,336.209,EGA
749,15.4,946.61,99.78,336.1880000000001,EGA
750,15.36,963.57,99.94,338.708,EGA
751,17.31,868.16,90.11,401.708,EGA
752,23.7,489.55,55.82,277.788,EGA
753,23.72,477.35,45.72,338.6670000000001,EGA
754,25.36,484.93,38.89,418.719,EGA
755,24.52,488.07,37.98,414.855,EGA
756,24.28,487.95,36.7,416.556,EGA
757,26.28,486.36,31.05,465.528,EGA
758,25.13,487.26,29.67,392.217,EGA
759,23.7,487.03,29.08,267.47700000000003,EGA
760,21.42,474.03,46.49,145.845,EGA
761,20.38,473.46,77.13,80.262,EGA
762,19.1,558.07,87.76,76.146,EGA
763,18.05,629.27,92.88,75.999,EGA
764,17.25,686.7,94.95,76.23,EGA
765,16.67,740.76,96.0,76.188,EGA
766,16.24,790.1,96.7,76.083,EGA
767,15.83,833.75,97.13,76.04100000000003,EGA
792,15.58,870.7,97.82,336.1880000000001,EGA
793,15.65,908.4,98.46,336.125,EGA
794,15.55,938.46,98.64,336.0619999999999,EGA
795,15.37,962.38,98.97,336.125,EGA
796,15.21,986.98,99.38,336.125,EGA
797,15.13,1009.54,99.69,336.125,EGA
798,15.44,1039.32,99.98,336.209,EGA
799,21.71,843.25,76.8,434.741,EGA
800,25.32,483.24,51.59,272.034,EGA
801,22.44,473.95,57.51,474.641,EGA
802,29.1,469.26,38.8,453.6,EGA
803,29.88,473.66,37.19,569.1,EGA
804,30.54,475.26,37.65,502.76099999999997,EGA
805,30.81,475.05,36.73,486.528,EGA
806,29.33,475.71,35.54,397.152,EGA
807,26.44,479.81,33.9,260.778,EGA
808,23.29,479.17,48.63,140.595,EGA
809,21.43,484.2,74.4,83.286,EGA
810,20.45,562.91,85.54,76.44,EGA
811,19.75,639.56,90.97,76.33500000000002,EGA
812,18.89,707.47,93.79,76.251,EGA
813,18.16,768.26,95.05,76.39800000000002,EGA
814,17.6,822.9,95.82,76.31400000000002,EGA
815,17.13,867.99,96.48,76.23,EGA
840,16.66,907.37,96.94,336.209,EGA
841,16.25,945.15,97.38,335.978,EGA
842,15.91,968.55,97.76,336.083,EGA
843,15.58,992.5,98.15,336.209,EGA
844,15.26,1018.62,98.54,336.1040000000001,EGA
845,15.08,1042.5,99.11,336.02,EGA
846,16.13,1066.17,98.11,349.22900000000016,EGA
847,23.22,677.94,64.29,444.485,EGA
848,26.96,470.16,46.51,311.2410000000001,EGA
849,30.39,463.8,42.88,342.237,EGA
850,32.08,467.07,37.55,456.12,EGA
851,32.47,465.04,36.92,548.1,EGA
852,32.74,469.15,33.17,509.292,EGA
853,33.57,467.51,33.02,495.18000000000006,EGA
854,32.27,463.6,34.03,389.634,EGA
855,29.09,468.88,33.63,242.21400000000003,EGA
856,25.34,472.18,36.99,154.392,EGA
857,22.69,472.4,62.6,92.19,EGA
858,21.47,538.71,81.7,76.377,EGA
859,21.04,622.95,88.32,76.293,EGA
860,20.62,702.72,91.99,76.35600000000002,EGA
861,20.14,775.91,94.35,76.27199999999998,EGA
862,19.74,844.47,95.81,76.293,EGA
863,19.41,907.28,96.61,76.146,EGA
888,19.12,959.05,97.25,336.251,EGA
889,18.69,1008.05,97.93,336.356,EGA
890,18.42,1062.07,98.43,336.3350000000001,EGA
891,18.34,1100.36,98.58,336.1670000000001,EGA
892,17.65,1133.57,97.16,336.23,EGA
893,15.44,1046.88,95.47,338.036,EGA
894,17.04,772.18,92.92,363.404,EGA
895,20.78,519.89,74.88,409.625,EGA
896,23.31,476.85,55.03,249.963,EGA
897,26.09,487.52,41.69,321.972,EGA
898,28.65,484.16,38.34,391.37699999999995,EGA
899,29.07,483.1,38.66,417.06,EGA
900,28.15,482.33,40.88,377.05500000000006,EGA
901,30.02,479.88,40.06,389.844,EGA
902,27.81,480.91,42.02,263.27700000000004,EGA
903,27.72,481.73,42.18,226.863,EGA
904,24.77,488.33,45.78,143.45100000000005,EGA
905,23.0,498.87,70.8,79.38,EGA
906,21.38,570.48,84.59,76.503,EGA
907,20.03,646.86,89.16,76.188,EGA
908,19.22,716.92,90.6,76.35600000000002,EGA
909,18.46,778.06,91.65,76.062,EGA
910,18.03,826.0,92.54,76.293,EGA
911,17.65,848.45,92.64,76.27199999999998,EGA
936,17.39,866.24,93.38,336.272,EGA
937,17.36,866.97,93.77,336.1670000000001,EGA
938,17.12,874.75,94.32,336.125,EGA
939,16.84,873.68,94.96,335.936,EGA
940,16.71,902.09,96.96,335.978,EGA
941,16.93,946.33,97.68,335.999,EGA
942,18.52,946.66,96.62,347.423,EGA
943,21.95,541.28,67.33,419.201,EGA
944,23.45,477.58,53.84,233.562,EGA
945,24.33,471.3,55.06,271.089,EGA
946,24.46,471.12,55.97,306.747,EGA
947,27.78,472.66,50.76,405.132,EGA
948,28.03,476.39,48.49,370.377,EGA
949,25.87,481.21,47.64,286.587,EGA
950,24.18,481.49,48.36,230.58,EGA
951,23.64,485.43,49.17,179.46599999999995,EGA
952,21.69,493.15,50.38,112.53900000000002,EGA
953,20.64,521.49,70.83,79.863,EGA
954,19.52,567.09,86.22,76.251,EGA
955,17.4,637.73,93.35,76.33500000000002,EGA
956,16.6,703.99,94.96,76.503,EGA
957,15.88,765.96,95.02,76.188,EGA
958,15.24,821.34,95.84,76.16700000000002,EGA
959,15.07,867.6,96.88,76.062,EGA
960,14.93,907.79,97.42,336.209,EGA
961,14.56,946.37,97.6,336.1670000000001,EGA
962,14.32,978.13,98.21,336.1670000000001,EGA
963,14.3,1006.92,98.71,336.1670000000001,EGA
964,13.87,1026.13,98.56,336.1670000000001,EGA
965,14.18,1016.92,98.14,337.721,EGA
966,16.94,950.99,94.95,359.624,EGA
967,21.58,656.85,79.12,412.376,EGA
968,22.9,449.88,60.03,232.092,EGA
969,23.68,464.02,51.66,280.58099999999996,EGA
970,26.08,464.89,47.98,358.19699999999995,EGA
971,28.02,463.85,47.49,439.929,EGA
972,28.56,464.57,46.73,417.94200000000006,EGA
973,29.63,466.53,46.31,417.66900000000004,EGA
974,28.79,467.51,46.87,341.3760000000001,EGA
975,26.73,472.39,49.19,232.554,EGA
976,22.92,478.5,55.1,152.166,EGA
977,21.45,477.03,72.35,84.777,EGA
978,20.23,535.67,87.81,76.209,EGA
979,18.76,615.81,92.0,76.10400000000001,EGA
980,17.95,687.32,93.5,76.10400000000001,EGA
981,17.34,755.72,94.5,76.02000000000002,EGA
982,16.9,818.17,95.47,76.10400000000001,EGA
983,16.57,867.41,96.33,76.02000000000002,EGA
984,16.28,919.1,96.88,75.95700000000002,EGA
985,15.97,927.1,97.02,76.083,EGA
986,15.82,940.08,97.79,76.04100000000003,EGA
987,15.76,986.93,98.41,76.02000000000002,EGA
988,15.62,1045.44,98.83,76.062,EGA
989,15.97,1082.08,98.19,81.06,EGA
990,19.44,931.59,90.84,113.778,EGA
991,23.16,495.89,67.4,171.024,EGA
992,25.81,467.27,57.04,270.795,EGA
993,29.26,466.97,51.63,314.6640000000001,EGA
994,31.93,467.15,47.98,387.492,EGA
995,33.41,467.67,46.71,468.048,EGA
996,33.29,469.87,46.67,430.87800000000004,EGA
997,33.81,471.02,46.8,411.117,EGA
998,32.74,471.15,49.04,336.588,EGA
999,31.23,474.63,47.86,485.939,EGA
1000,28.94,478.26,49.04,150.129,EGA
1001,25.03,484.68,56.4,98.994,EGA
1002,21.93,509.32,73.79,77.028,EGA
1003,19.23,559.58,85.05,76.251,EGA
1004,17.87,591.1,89.02,76.146,EGA
1005,16.99,612.64,91.53,76.16700000000002,EGA
1006,16.42,622.5,93.28,76.146,EGA
1007,16.13,637.02,94.46,76.125,EGA
1008,9.69,570.33,98.94,77.679,EGA
1009,9.47,570.39,99.22,77.7,EGA
1010,8.91,580.04,99.14,77.679,EGA
1011,8.27,592.01,99.53,77.658,EGA
1012,8.76,596.22,99.93,77.679,EGA
1013,9.66,587.66,99.67,79.926,EGA
1014,12.16,526.5,97.35,112.20299999999999,EGA
1015,18.69,389.1,86.97,161.385,EGA
1016,22.76,378.46,70.9,239.757,EGA
1017,23.39,441.08,56.12,333.08099999999996,EGA
1018,25.01,448.75,51.14,442.785,EGA
1019,26.87,449.18,50.33,546.924,EGA
1020,28.84,449.55,48.2,498.20400000000006,EGA
1021,29.24,454.21,45.64,461.412,EGA
1022,26.2,456.31,47.64,315.336,EGA
1023,26.36,456.96,44.59,250.488,EGA
1024,22.47,466.85,47.52,160.65,EGA
1025,19.63,453.76,71.06,98.34299999999999,EGA
1026,18.83,511.69,89.78,77.679,EGA
1027,18.46,603.18,94.85,77.679,EGA
1028,17.9,683.78,96.46,77.679,EGA
1029,17.42,757.06,97.16,77.7,EGA
1030,17.03,818.3,97.78,77.7,EGA
1031,16.69,869.15,98.29,77.7,EGA
1032,16.34,914.8,98.71,77.7,EGA
1033,16.05,958.84,99.11,77.7,EGA
1034,15.8,992.48,99.44,77.7,EGA
1035,15.56,1026.09,99.65,77.7,EGA
1036,15.34,1055.64,99.9,77.7,EGA
1037,15.25,1084.78,100.0,78.09899999999998,EGA
1038,18.88,995.51,88.86,114.471,EGA
1039,24.19,542.97,62.38,187.614,EGA
1040,27.21,462.49,51.88,321.552,EGA
1041,29.84,470.78,46.37,346.101,EGA
1042,31.7,470.47,43.08,454.398,EGA
1043,32.59,469.52,42.51,524.244,EGA
1044,33.57,469.17,40.41,484.659,EGA
1045,34.26,464.66,39.65,465.54900000000004,EGA
1046,33.8,462.16,38.22,390.6,EGA
1047,31.78,470.54,36.37,250.80300000000003,EGA
1048,28.12,470.88,39.72,160.797,EGA
1049,23.55,479.82,42.74,96.243,EGA
1050,21.19,538.69,71.67,77.679,EGA
1051,20.74,620.97,85.3,77.679,EGA
1052,20.21,702.32,91.31,77.679,EGA
1053,19.79,772.98,93.83,77.679,EGA
1054,19.41,816.82,95.14,77.7,EGA
1055,19.03,866.27,96.38,77.679,EGA
1056,18.65,914.52,97.33,77.679,EGA
1057,18.29,959.55,98.01,77.658,EGA
1058,17.97,983.02,98.51,77.7,EGA
1059,17.71,997.26,98.95,77.7,EGA
1060,17.4,1031.17,99.26,77.679,EGA
1061,17.29,1059.7,99.72,78.456,EGA
1062,17.76,569.63,77.85,103.59299999999999,EGA
1063,24.7,467.86,53.84,193.116,EGA
1064,30.32,443.41,43.94,345.009,EGA
1065,32.74,441.97,41.91,354.60600000000005,EGA
1066,34.42,444.82,40.14,485.436,EGA
1067,34.49,449.3,39.45,565.6139999999998,EGA
1068,34.92,450.55,39.41,516.873,EGA
1069,35.82,451.47,37.27,512.1270000000002,EGA
1070,35.1,458.09,35.33,412.35600000000005,EGA
1071,33.81,465.71,32.49,268.254,EGA
1072,29.87,475.05,33.45,163.233,EGA
1073,24.53,487.94,40.88,92.35799999999999,EGA
1074,22.02,562.55,73.09,77.7,EGA
1075,21.62,656.86,86.28,77.7,EGA
1076,21.3,747.3,91.2,77.7,EGA
1077,20.99,825.98,93.48,77.679,EGA
1078,20.68,889.29,95.32,77.7,EGA
1079,20.37,947.4,96.61,77.7,EGA
1080,20.06,992.84,97.5,77.679,EGA
1081,19.73,1040.87,98.21,77.7,EGA
1082,19.4,1085.77,98.78,77.7,EGA
1083,19.13,1123.75,99.17,77.679,EGA
1084,18.96,1154.99,99.51,77.7,EGA
1085,18.69,1087.32,96.08,83.03399999999998,EGA
1086,18.95,692.34,93.09,110.523,EGA
1087,22.02,543.13,75.54,148.32299999999995,EGA
1088,25.41,465.12,42.91,262.87800000000004,EGA
1089,24.78,467.17,42.31,484.826,EGA
1090,26.33,463.87,41.94,281.337,EGA
1091,25.02,466.96,44.15,475.124,EGA
1092,23.61,467.98,47.25,466.409,EGA
1093,24.12,467.61,47.4,483.335,EGA
1094,22.43,471.62,49.05,409.73,EGA
1095,22.35,470.88,47.56,400.91,EGA
1096,20.11,476.98,50.88,360.149,EGA
1097,19.13,483.46,53.76,81.312,EGA
1098,18.22,531.55,76.33,77.7,EGA
1099,17.58,588.67,85.98,77.7,EGA
1100,17.28,634.44,89.91,77.7,EGA
1101,17.08,663.75,91.76,77.679,EGA
1102,16.91,697.6,93.86,77.679,EGA
1103,16.82,729.01,95.08,77.679,EGA
1104,16.63,772.72,97.16,77.7,EGA
1105,16.46,823.79,98.39,77.7,EGA
1106,16.32,881.92,99.23,77.7,EGA
1107,16.15,931.36,99.42,77.7,EGA
1108,15.37,961.05,98.51,77.7,EGA
1109,14.49,945.45,98.33,77.7,EGA
1110,14.45,902.29,99.18,79.84200000000001,EGA
1111,15.16,858.62,98.85,91.266,EGA
1112,16.15,796.84,98.02,96.13799999999999,EGA
1113,17.05,711.17,97.05,368.31800000000004,EGA
1114,17.79,637.38,96.23,367.68800000000016,EGA
1115,19.75,516.78,93.61,402.527,EGA
1116,19.62,416.89,93.33,376.06699999999995,EGA
1117,18.72,380.96,94.15,370.27099999999996,EGA
1118,17.51,386.1,96.37,352.211,EGA
1119,17.37,392.19,96.71,360.94699999999995,EGA
1120,17.75,391.31,96.26,363.69800000000004,EGA
1121,17.79,397.75,96.81,91.20299999999999,EGA
1122,16.48,441.22,98.64,77.88900000000002,EGA
1123,15.17,512.45,99.86,77.679,EGA
1124,14.26,580.06,100.0,77.679,EGA
1125,13.85,635.86,100.0,77.679,EGA
1126,13.67,682.81,100.0,77.679,EGA
1127,13.24,724.13,100.0,77.7,EGA
1128,13.15,760.25,100.0,77.679,EGA
1129,13.37,796.41,100.0,77.679,EGA
1130,13.25,822.02,100.0,77.658,EGA
1131,13.2,856.68,100.0,77.7,EGA
1132,13.26,881.21,100.0,77.7,EGA
1133,13.57,891.42,100.0,78.015,EGA
1134,14.27,872.36,100.0,81.29100000000003,EGA
1135,15.24,813.74,99.98,92.379,EGA
1136,16.66,725.21,99.21,105.945,EGA
1137,20.8,559.23,93.29,443.246,EGA
1138,22.24,497.1,85.14,410.087,EGA
1139,21.98,489.13,86.67,438.71,EGA
1140,22.55,520.17,81.65,448.74800000000016,EGA
1141,24.16,539.83,76.94,482.285,EGA
1142,22.28,568.25,79.75,420.797,EGA
1143,22.9,526.42,77.21,425.879,EGA
1144,19.91,548.47,89.42,353.135,EGA
1145,19.49,561.21,96.41,90.258,EGA
1146,18.58,579.48,96.17,79.40100000000002,EGA
1147,16.32,643.52,98.79,77.7,EGA
1148,15.41,705.27,99.83,77.679,EGA
1149,15.03,759.6,100.0,77.679,EGA
1150,14.52,812.0,100.0,77.7,EGA
1151,14.14,859.16,100.0,77.7,EGA
1176,13.44,899.67,100.0,77.7,EGA
1177,13.38,937.9,100.0,77.7,EGA
1178,13.2,963.81,100.0,77.7,EGA
1179,12.84,979.22,100.0,77.7,EGA
1180,12.3,1002.46,100.0,77.7,EGA
1181,12.95,1005.43,99.57,87.15,EGA
1182,18.08,887.75,92.66,121.59,EGA
1183,24.4,592.24,69.44,187.677,EGA
1184,27.15,570.83,62.34,309.309,EGA
1185,28.85,564.61,60.07,339.885,EGA
1186,30.99,553.92,54.7,449.44200000000006,EGA
1187,32.15,544.71,45.76,548.9610000000001,EGA
1188,31.72,546.54,44.45,497.994,EGA
1189,31.07,548.59,43.7,469.917,EGA
1190,29.07,553.14,45.21,360.25500000000005,EGA
1191,26.23,555.69,44.51,463.532,EGA
1192,24.06,550.19,40.36,145.53,EGA
1193,21.88,547.25,46.16,96.999,EGA
1194,19.74,581.23,74.88,78.33,EGA
1195,18.09,644.8,89.83,77.7,EGA
1196,16.79,708.9,95.29,77.7,EGA
1197,15.56,775.94,96.64,77.7,EGA
1198,14.88,841.04,97.21,77.679,EGA
1199,14.06,900.43,96.91,77.7,EGA
1224,14.87,700.74,94.43,75.89399999999998,EGA
1225,14.66,735.19,96.28,75.93599999999998,EGA
1226,14.72,770.38,97.18,76.04100000000003,EGA
1227,14.94,741.9,95.5,75.999,EGA
1228,14.63,715.94,97.02,75.95700000000002,EGA
1229,14.63,739.27,98.72,77.175,EGA
1230,15.61,728.89,97.97,91.455,EGA
1231,16.7,679.36,96.49,95.97,EGA
1232,20.1,568.76,92.04,157.836,EGA
1233,21.35,491.54,85.11,133.89600000000002,EGA
1234,21.37,456.43,90.82,371.426,EGA
1235,19.9,444.33,93.06,346.68800000000016,EGA
1236,21.62,372.95,90.77,349.649,EGA
1237,20.73,357.37,93.26,336.041,EGA
1238,22.49,345.03,91.92,341.94199999999995,EGA
1239,23.08,338.63,91.12,337.4480000000001,EGA
1240,20.62,424.25,94.5,336.1670000000001,EGA
1241,18.8,491.97,97.04,335.957,EGA
1242,17.3,570.82,99.23,335.978,EGA
1243,16.36,650.13,99.92,335.852,EGA
1244,15.85,721.83,100.0,335.831,EGA
1245,15.53,784.22,100.0,76.02000000000002,EGA
1246,15.25,835.26,100.0,75.95700000000002,EGA
1247,15.06,881.48,100.0,75.93599999999998,EGA
1248,14.9,925.55,100.0,75.95700000000002,EGA
1249,14.66,971.37,100.0,75.915,EGA
1250,14.58,1003.94,100.0,75.915,EGA
1251,14.67,1041.14,100.0,75.915,EGA
1252,14.64,1079.23,100.0,75.81,EGA
1253,15.04,1094.58,100.0,75.93599999999998,EGA
1254,17.61,1004.12,99.33,82.257,EGA
1255,19.86,867.31,96.46,93.366,EGA
1256,21.53,619.7,84.33,112.22399999999999,EGA
1257,23.66,604.23,72.92,149.91899999999995,EGA
1258,21.37,621.05,73.01,381.31699999999995,EGA
1259,20.95,588.72,88.43,361.346,EGA
1260,20.72,601.22,89.12,361.99699999999996,EGA
1261,23.09,608.02,75.3,426.383,EGA
1262,22.38,620.26,71.82,442.28,EGA
1263,23.86,620.26,69.07,450.11300000000006,EGA
1264,21.36,624.04,73.52,382.787,EGA
1265,19.31,642.7,85.82,338.918,EGA
1266,18.47,685.82,95.85,335.8730000000001,EGA
1267,17.56,737.58,98.62,335.83099999999996,EGA
1268,16.96,784.2,99.4,335.8730000000001,EGA
1269,16.44,813.97,99.49,75.852,EGA
1270,15.93,844.67,99.76,75.89399999999998,EGA
1271,15.78,890.43,100.0,75.831,EGA
1272,15.61,934.28,100.0,75.873,EGA
1273,15.51,973.53,100.0,75.852,EGA
1274,15.43,1011.38,100.0,75.95700000000002,EGA
1275,15.38,1044.16,100.0,75.97800000000002,EGA
1276,15.18,1055.53,100.0,75.999,EGA
1277,15.19,1022.2,100.0,76.02000000000002,EGA
1278,15.87,966.92,99.98,77.51100000000002,EGA
1279,21.45,702.89,89.32,108.087,EGA
1280,23.42,621.14,75.21,133.434,EGA
1281,29.1,620.4,60.71,175.875,EGA
1282,31.83,625.88,53.65,222.45300000000003,EGA
1283,28.57,642.95,57.31,201.45300000000003,EGA
1284,30.05,629.81,53.03,432.746,EGA
1285,30.81,630.75,49.01,420.692,EGA
1286,30.3,632.47,46.78,416.26099999999997,EGA
1287,28.39,632.78,44.23,423.443,EGA
1288,25.0,633.15,46.17,378.608,EGA
1289,23.28,622.54,50.99,351.077,EGA
1290,19.67,633.81,84.11,336.0619999999999,EGA
1291,16.69,702.6,93.46,336.0619999999999,EGA
1292,15.3,775.93,95.92,336.02,EGA
1293,14.5,842.82,96.93,76.083,EGA
1294,13.92,888.71,98.14,75.97800000000002,EGA
1295,13.86,932.43,99.0,75.93599999999998,EGA
1296,13.93,974.82,99.32,75.89399999999998,EGA
1297,13.96,1003.67,99.42,75.93599999999998,EGA
1298,13.91,982.0,99.48,75.915,EGA
1299,13.81,969.8,99.59,75.89399999999998,EGA
1300,13.82,934.69,99.81,75.999,EGA
1301,14.18,895.92,99.79,75.93599999999998,EGA
1302,14.83,861.95,99.82,76.04100000000003,EGA
1303,15.7,842.78,99.64,336.251,EGA
1304,16.51,817.38,99.33,339.63199999999995,EGA
1305,18.8,751.19,96.84,350.069,EGA
1306,20.63,642.19,94.96,350.36300000000006,EGA
1307,19.59,597.13,95.01,341.102,EGA
1308,18.18,591.67,96.61,341.4170000000001,EGA
1309,18.07,573.3,97.14,343.79,EGA
1310,18.83,530.93,96.01,347.15,EGA
1311,18.21,523.32,97.24,339.212,EGA
1312,16.97,567.67,99.12,335.999,EGA
1313,15.82,635.4,99.95,335.978,EGA
1314,15.41,686.29,100.0,335.999,EGA
1315,15.07,731.01,100.0,335.978,EGA
1316,14.86,774.96,100.0,335.957,EGA
1317,14.74,817.2,100.0,76.04100000000003,EGA
1318,14.6,854.57,100.0,76.02000000000002,EGA
1319,14.51,889.09,100.0,75.915,EGA
1320,14.33,920.61,100.0,75.999,EGA
1321,14.24,946.85,100.0,76.02000000000002,EGA
1322,14.08,974.08,100.0,76.02000000000002,EGA
1323,13.88,1004.37,100.0,75.999,EGA
1324,13.89,1039.23,100.0,76.062,EGA
1325,14.05,1075.03,100.0,75.999,EGA
1326,14.55,1073.28,100.0,77.112,EGA
1327,16.11,1007.08,99.57,86.87700000000002,EGA
1328,18.98,842.12,95.56,360.38,EGA
1329,20.92,639.31,92.59,363.194,EGA
1330,21.92,495.07,92.32,360.506,EGA
1331,21.07,467.5,92.57,354.038,EGA
1332,20.16,479.24,95.01,362.081,EGA
1333,21.75,529.39,88.11,380.477,EGA
1334,21.08,552.19,89.34,364.79,EGA
1335,21.91,485.45,92.18,359.519,EGA
1336,21.19,453.38,92.35,353.681,EGA
1337,20.65,450.86,94.77,345.344,EGA
1338,18.26,512.33,97.84,335.915,EGA
1339,16.14,598.23,99.73,335.8730000000001,EGA
1340,14.95,670.1,100.0,335.936,EGA
1341,14.49,730.63,100.0,75.93599999999998,EGA
1342,14.17,784.57,100.0,75.78900000000002,EGA
1343,13.91,828.79,100.0,75.831,EGA
1368,13.69,867.32,100.0,75.93599999999998,EGA
1369,13.43,899.97,100.0,75.852,EGA
1370,13.2,923.77,100.0,75.93599999999998,EGA
1371,13.11,957.93,100.0,75.852,EGA
1372,13.0,990.0,100.0,75.95700000000002,EGA
1373,13.66,976.56,99.97,80.745,EGA
1374,18.6,814.98,92.81,109.053,EGA
1375,23.61,607.88,74.41,145.362,EGA
1376,28.33,600.1,62.71,162.83400000000003,EGA
1377,27.3,604.94,66.42,408.68,EGA
1378,29.36,606.07,63.25,439.19300000000004,EGA
1379,28.73,611.86,63.86,519.9590000000002,EGA
1380,31.81,613.7,59.86,519.812,EGA
1381,33.22,613.95,57.86,464.477,EGA
1382,29.6,625.37,58.48,437.597,EGA
1383,30.04,623.47,56.59,419.138,EGA
1384,25.77,631.23,62.48,380.036,EGA
1385,23.62,598.24,80.44,351.455,EGA
1386,20.98,600.67,89.94,337.49,EGA
1387,17.82,674.64,95.7,335.8730000000001,EGA
1388,16.26,742.06,97.89,335.915,EGA
1389,15.12,791.16,98.34,75.95700000000002,EGA
1390,14.31,819.85,98.7,75.93599999999998,EGA
1391,13.62,845.13,99.02,75.873,EGA
1440,13.91,889.67,99.7,75.95700000000002,EGA
1441,13.51,894.28,99.72,75.915,EGA
1442,13.23,898.4,99.9,75.873,EGA
1443,13.17,906.11,100.0,75.873,EGA
1444,13.16,929.67,100.0,75.89399999999998,EGA
1445,13.23,948.08,100.0,75.915,EGA
1446,14.05,941.55,100.0,76.209,EGA
1447,15.7,881.44,99.5,79.863,EGA
1448,16.21,785.54,99.21,82.32000000000002,EGA
1449,16.93,680.64,97.72,85.869,EGA
1450,17.44,601.57,97.02,348.809,EGA
1451,17.48,552.06,96.98,83.22300000000001,EGA
1452,16.4,557.98,98.74,81.249,EGA
1453,17.9,492.29,96.96,93.26100000000001,EGA
1454,17.99,451.3,96.69,85.40700000000002,EGA
1455,17.66,444.31,97.47,83.727,EGA
1456,16.77,463.55,98.61,337.175,EGA
1457,15.9,512.42,99.7,335.8730000000001,EGA
1458,15.24,566.12,99.97,335.8730000000001,EGA
1459,14.58,622.67,100.0,335.915,EGA
1460,14.42,670.06,100.0,335.8730000000001,EGA
1461,14.0,707.91,100.0,75.831,EGA
1462,13.94,734.01,100.0,75.768,EGA
1463,13.84,752.06,100.0,75.831,EGA
1464,13.82,768.29,100.0,75.873,EGA
1465,13.74,779.53,100.0,75.852,EGA
1466,13.95,794.35,100.0,75.852,EGA
1467,13.91,804.59,100.0,75.852,EGA
1468,13.89,820.7,100.0,75.81,EGA
1469,14.22,831.05,100.0,75.831,EGA
1470,14.6,821.6,100.0,76.062,EGA
1471,15.35,786.85,100.0,338.624,EGA
1472,18.11,650.6,97.89,367.919,EGA
1473,21.41,497.54,90.72,373.274,EGA
1474,21.92,475.68,90.34,375.836,EGA
1475,22.32,540.45,85.3,399.83900000000006,EGA
1476,22.99,567.73,80.08,399.73400000000004,EGA
1477,28.84,551.61,69.95,422.18300000000005,EGA
1478,28.46,560.52,68.89,467.774,EGA
1479,26.38,587.57,68.1,396.87800000000004,EGA
1480,23.12,544.97,85.81,364.727,EGA
1481,23.2,476.0,90.62,349.62800000000016,EGA
1482,20.32,514.17,95.34,337.994,EGA
1483,17.78,601.15,98.73,337.6790000000001,EGA
1484,16.23,677.72,99.58,337.6790000000001,EGA
1485,15.51,732.9,99.98,77.658,EGA
1486,15.09,779.16,100.0,77.679,EGA
1487,14.77,824.5,100.0,77.7,EGA
1488,14.28,869.04,100.0,77.679,EGA
1489,13.8,908.09,100.0,77.679,EGA
1490,13.61,938.33,100.0,77.679,EGA
1491,13.35,969.24,100.0,77.679,EGA
1492,13.17,997.54,100.0,77.658,EGA
1493,14.63,968.31,99.89,79.33800000000002,EGA
1494,19.15,810.04,94.88,94.5,EGA
1495,27.31,588.51,68.41,119.868,EGA
1496,27.82,575.11,65.56,389.885,EGA
1497,29.58,559.75,66.26,406.07599999999996,EGA
1498,33.84,569.55,58.27,414.95900000000006,EGA
1499,33.76,570.4,59.39,473.465,EGA
1500,33.69,574.93,58.19,562.778,EGA
1501,35.63,574.78,53.85,605.261,EGA
1502,34.82,579.62,52.12,509.648,EGA
1503,32.3,586.94,52.15,396.20599999999996,EGA
1504,28.39,596.1,56.48,372.434,EGA
1505,24.46,587.76,74.83,348.87199999999996,EGA
1506,21.37,599.68,89.27,337.7,EGA
1507,18.77,651.41,95.0,337.6790000000001,EGA
1508,17.59,697.11,96.5,337.6790000000001,EGA
1509,16.66,738.91,97.13,77.679,EGA
1510,16.17,783.84,97.0,77.679,EGA
1511,15.73,821.84,97.85,77.679,EGA
1512,15.55,848.63,98.5,77.7,EGA
1513,15.43,854.97,98.43,77.679,EGA
1514,15.07,878.18,98.58,77.7,EGA
1515,14.43,909.0,98.89,77.7,EGA
1516,14.35,934.43,99.25,77.658,EGA
1517,15.47,903.5,98.64,79.38,EGA
1518,20.9,756.32,87.12,93.723,EGA
1519,27.17,593.31,61.83,144.186,EGA
1520,32.06,580.31,52.32,414.93800000000016,EGA
1521,34.84,560.39,48.38,386.504,EGA
1522,35.96,565.48,46.95,390.62,EGA
1523,35.37,571.07,48.03,460.403,EGA
1524,34.72,576.36,46.27,606.059,EGA
1525,35.14,575.69,44.28,495.032,EGA
1526,31.87,580.82,43.52,487.304,EGA
1527,29.17,585.94,42.7,387.995,EGA
1528,23.85,589.86,47.68,348.725,EGA
1529,21.92,593.88,56.6,341.7530000000001,EGA
1530,21.09,599.33,82.43,338.708,EGA
1531,18.26,654.38,91.9,337.7,EGA
1532,16.4,719.09,95.12,337.7,EGA
1533,15.17,776.25,96.54,77.679,EGA
1534,14.41,818.36,97.25,77.679,EGA
1535,13.95,853.82,97.96,77.679,EGA
1536,13.59,874.73,97.85,77.679,EGA
1537,13.18,899.44,98.46,77.679,EGA
1538,12.91,923.34,98.72,77.679,EGA
1539,12.41,922.8,98.94,77.679,EGA
1540,12.51,907.98,99.11,77.679,EGA
1541,13.92,874.68,97.74,78.35100000000001,EGA
1542,19.78,750.12,88.32,82.40400000000002,EGA
1543,23.4,619.17,65.46,353.324,EGA
1544,30.95,582.63,54.23,378.629,EGA
1545,33.66,575.25,49.69,434.489,EGA
1546,34.74,566.41,47.61,395.681,EGA
1547,34.25,563.93,48.47,460.319,EGA
1548,33.88,568.83,48.06,622.607,EGA
1549,34.35,571.43,45.14,447.88699999999994,EGA
1550,34.42,573.24,43.49,608.201,EGA
1551,32.59,578.5,42.98,435.95900000000006,EGA
1552,27.49,589.76,46.21,364.034,EGA
1553,22.22,595.47,61.78,340.955,EGA
1554,20.49,616.79,87.25,337.6790000000001,EGA
1555,17.78,686.96,94.77,337.658,EGA
1556,15.84,775.75,96.47,337.658,EGA
1557,15.09,841.6,98.36,77.679,EGA
1558,15.05,867.55,99.46,77.7,EGA
1559,14.63,899.88,99.51,77.679,EGA
1560,14.15,925.15,99.65,77.7,EGA
1561,13.82,970.05,99.77,77.7,EGA
1562,14.28,969.82,100.0,77.679,EGA
1563,14.66,933.09,100.0,77.637,EGA
1564,14.5,933.88,100.0,77.7,EGA
1565,15.73,929.05,100.0,78.33,EGA
1566,17.62,867.97,98.9,79.443,EGA
1567,19.17,804.68,97.17,85.617,EGA
1568,21.14,610.42,89.65,350.111,EGA
1569,18.56,622.06,95.66,337.7,EGA
1570,17.88,636.72,97.09,343.601,EGA
1571,18.36,584.62,96.75,345.68,EGA
1572,20.07,519.03,93.89,357.776,EGA
1573,21.0,456.02,92.2,358.04900000000015,EGA
1574,21.07,461.34,92.92,354.626,EGA
1575,21.32,472.55,93.19,350.57300000000015,EGA
1576,20.02,505.11,95.46,340.7030000000001,EGA
1577,18.74,554.52,96.72,337.6790000000001,EGA
1578,17.29,605.68,98.22,337.658,EGA
1579,15.67,671.98,99.31,337.658,EGA
1580,14.56,737.13,99.98,337.6790000000001,EGA
1581,13.48,799.42,100.0,77.679,EGA
1582,12.33,847.46,100.0,77.7,EGA
1583,11.44,883.65,100.0,77.679,EGA
1584,10.86,916.9,100.0,77.637,EGA
1585,10.42,947.77,100.0,77.658,EGA
1586,10.17,969.89,100.0,77.679,EGA
1587,9.79,985.31,100.0,77.658,EGA
1588,9.75,994.06,100.0,77.679,EGA
1589,11.55,957.41,99.92,80.51400000000002,EGA
1590,18.38,780.57,92.19,88.99799999999998,EGA
1591,25.39,577.79,66.47,100.506,EGA
1592,28.7,581.78,58.39,120.91799999999999,EGA
1593,31.61,601.22,55.87,170.31,EGA
1594,33.22,580.02,54.03,159.768,EGA
1595,33.47,573.95,54.97,431.403,EGA
1596,33.92,573.64,52.36,217.60200000000003,EGA
1597,35.54,574.25,48.84,316.974,EGA
1598,34.44,586.64,49.38,369.11699999999996,EGA
1599,31.37,596.33,54.73,234.69600000000003,EGA
1600,27.7,596.55,56.09,410.444,EGA
1601,23.98,603.82,67.29,350.44699999999995,EGA
1602,20.85,625.27,87.86,337.6790000000001,EGA
1603,18.17,664.2,94.37,337.658,EGA
1604,16.55,718.01,97.36,337.658,EGA
1605,15.27,717.05,97.72,77.679,EGA
1606,14.59,685.5,98.79,77.679,EGA
1607,14.15,690.6,99.15,77.679,EGA
1608,13.71,716.32,99.56,77.679,EGA
1609,13.33,711.05,99.63,77.658,EGA
1610,12.92,702.62,99.75,77.679,EGA
1611,12.63,677.95,99.85,77.679,EGA
1612,12.59,668.09,99.82,77.679,EGA
1613,14.42,630.47,99.41,78.18299999999998,EGA
1614,20.88,549.87,86.71,87.27600000000002,EGA
1615,25.56,542.0,59.52,98.09100000000001,EGA
1616,29.17,540.62,51.74,111.573,EGA
1617,31.36,541.76,48.59,167.03400000000005,EGA
1618,31.97,545.05,48.17,139.31400000000002,EGA
1619,32.22,549.46,48.42,339.38100000000014,EGA
1620,33.3,548.08,47.87,175.95900000000003,EGA
1621,34.12,547.61,46.69,281.862,EGA
1622,33.05,551.23,46.95,367.87800000000004,EGA
1623,31.32,556.11,48.16,248.34600000000003,EGA
1624,26.76,566.02,52.67,128.121,EGA
1625,22.91,573.42,62.02,80.97600000000001,EGA
1626,21.98,593.02,81.06,78.624,EGA
1627,19.8,650.17,88.19,77.7,EGA
1628,18.21,706.17,91.13,77.658,EGA
1629,17.13,736.71,91.95,77.7,EGA
1630,16.81,687.81,88.69,77.679,EGA
1631,16.61,666.96,89.03,77.7,EGA
1632,16.36,891.22,99.25,77.658,EGA
1633,15.85,921.16,99.43,77.7,EGA
1634,15.47,955.49,99.61,77.637,EGA
1635,15.18,977.18,99.66,77.658,EGA
1636,14.99,1005.41,99.64,77.679,EGA
1637,16.5,974.95,98.98,338.435,EGA
1638,21.77,649.53,81.64,352.48400000000015,EGA
1639,20.89,550.43,76.51,350.279,EGA
1640,23.7,543.97,70.5,101.136,EGA
1641,28.74,532.94,60.89,110.334,EGA
1642,26.83,535.92,64.34,110.90100000000001,EGA
1643,23.2,544.8,70.49,99.477,EGA
1644,21.4,551.29,72.76,87.99,EGA
1645,19.21,551.76,86.83,78.66600000000003,EGA
1646,18.39,583.23,94.59,78.24600000000002,EGA
1647,17.66,624.9,96.75,77.742,EGA
1648,17.63,654.78,97.8,78.51899999999998,EGA
1649,17.55,651.71,97.96,77.78399999999998,EGA
1650,16.84,667.52,98.41,77.658,EGA
1651,16.05,687.23,99.38,77.658,EGA
1652,15.41,690.25,99.91,77.679,EGA
1653,15.05,689.53,99.97,77.658,EGA
1654,14.7,686.84,99.99,77.679,EGA
1655,14.3,688.51,99.91,77.658,EGA
1656,14.1,697.65,99.89,77.658,EGA
1657,14.32,704.98,99.97,77.658,EGA
1658,14.39,677.95,99.84,77.679,EGA
1659,13.91,668.57,99.91,77.679,EGA
1660,13.14,681.42,99.97,77.637,EGA
1661,14.18,674.02,99.68,338.204,EGA
1662,20.32,566.0,85.95,346.05800000000005,EGA
1663,23.8,537.66,65.09,358.973,EGA
1664,28.56,528.56,57.27,121.422,EGA
1665,31.38,532.11,53.6,147.756,EGA
1666,32.95,535.48,51.99,151.032,EGA
1667,33.92,537.92,51.54,410.57099999999997,EGA
1668,34.8,538.75,50.42,213.486,EGA
1669,35.45,537.69,47.03,142.38,EGA
1670,34.07,544.35,46.23,238.644,EGA
1671,31.86,548.49,47.67,259.056,EGA
1672,27.78,556.48,49.2,157.79399999999995,EGA
1673,24.83,561.36,49.35,106.17600000000002,EGA
1674,21.2,566.36,53.81,79.77900000000002,EGA
1675,17.99,601.1,75.71,77.7,EGA
1676,16.26,665.91,93.54,77.679,EGA
1677,15.35,722.72,96.86,77.7,EGA
1678,14.97,764.79,97.97,77.658,EGA
1679,14.96,791.62,98.86,77.637,EGA
1680,14.92,822.83,99.19,77.679,EGA
1681,15.36,830.58,99.26,77.658,EGA
1682,15.6,853.7,99.26,77.658,EGA
1683,15.62,880.57,99.59,77.679,EGA
1684,15.88,898.93,99.56,77.658,EGA
1685,16.36,899.14,99.17,337.658,EGA
1686,16.25,893.72,99.58,337.616,EGA
1687,16.6,832.77,99.79,337.658,EGA
1688,17.68,769.39,99.32,80.85000000000002,EGA
1689,20.32,569.44,94.78,100.38,EGA
1690,24.85,530.0,73.39,146.643,EGA
1691,27.35,523.87,64.89,295.827,EGA
1692,28.26,537.55,60.34,224.973,EGA
1693,27.83,541.85,60.98,152.56500000000003,EGA
1694,30.09,538.95,56.55,173.20800000000003,EGA
1695,26.53,545.31,61.46,169.91099999999997,EGA
1696,22.86,546.51,69.28,121.443,EGA
1697,20.4,547.17,76.3,94.584,EGA
1698,18.73,554.45,89.95,77.91000000000003,EGA
1699,16.85,600.89,96.32,77.7,EGA
1700,15.55,648.08,98.42,77.679,EGA
1701,14.83,679.63,98.9,77.679,EGA
1702,14.34,712.12,99.41,77.679,EGA
1703,14.02,725.69,99.42,77.658,EGA
1704,13.8,730.86,99.67,77.679,EGA
1705,13.58,740.61,99.75,77.637,EGA
1706,13.67,754.14,99.95,77.658,EGA
1707,13.86,756.18,100.0,77.616,EGA
1708,14.23,767.61,100.0,77.679,EGA
1709,15.78,765.45,99.81,337.86800000000005,EGA
1710,18.5,705.28,98.48,337.7,EGA
1711,20.79,659.86,93.93,339.569,EGA
1712,20.48,532.9,91.3,78.16199999999998,EGA
1713,21.05,505.44,93.02,77.7,EGA
1714,21.57,517.6,88.66,79.04400000000003,EGA
1715,24.33,549.17,74.38,84.756,EGA
1716,27.95,552.49,69.33,92.04299999999999,EGA
1717,31.27,558.61,61.47,89.208,EGA
1718,31.86,550.76,58.51,93.786,EGA
1719,30.24,555.74,60.56,94.857,EGA
1720,26.58,554.91,67.14,83.53800000000003,EGA
1721,22.59,559.9,76.42,78.09899999999998,EGA
1722,19.61,564.71,83.81,77.658,EGA
1723,17.63,580.59,91.56,77.679,EGA
1724,16.92,599.59,95.42,77.679,EGA
1725,16.44,652.04,99.09,77.679,EGA
1726,15.78,692.45,99.51,77.679,EGA
1727,14.66,735.32,99.44,77.658,EGA
1728,14.38,774.86,99.92,77.658,EGA
1729,13.81,807.1,99.79,77.7,EGA
1730,12.93,849.17,99.71,77.679,EGA
1731,12.32,892.06,99.78,77.637,EGA
1732,12.17,917.13,99.94,77.679,EGA
1733,13.71,905.03,99.42,337.6790000000001,EGA
1734,20.27,673.87,82.13,337.7,EGA
1735,25.92,525.72,62.86,337.6790000000001,EGA
1736,31.06,518.78,54.1,81.312,EGA
1737,33.35,523.29,53.06,79.77900000000002,EGA
1738,34.36,526.97,51.08,79.905,EGA
1739,34.43,530.33,51.7,107.898,EGA
1740,35.02,529.62,51.58,94.85700000000001,EGA
1741,35.87,529.68,49.29,86.56200000000004,EGA
1742,34.95,528.85,50.06,86.07900000000002,EGA
1743,33.96,530.38,50.11,92.736,EGA
1744,29.54,539.75,55.65,84.58800000000002,EGA
1745,23.94,558.57,58.75,78.372,EGA
1746,20.48,562.37,63.06,77.679,EGA
1747,18.01,584.7,75.36,77.679,EGA
1748,16.04,639.54,91.89,77.679,EGA
1749,15.12,675.62,96.14,77.7,EGA
1750,14.49,696.41,96.77,77.7,EGA
1751,13.85,707.89,97.35,77.679,EGA
1752,13.41,703.27,98.16,77.7,EGA
1753,13.07,691.37,98.79,77.7,EGA
1754,12.82,692.77,99.24,77.7,EGA
1755,12.79,707.74,99.62,77.7,EGA
1756,13.2,707.46,99.87,77.679,EGA
1757,14.54,649.19,99.52,337.658,EGA
1758,19.66,499.22,90.52,336.7340000000001,EGA
1759,25.56,473.21,71.81,338.75,EGA
1760,31.65,483.67,57.72,82.76100000000002,EGA
1761,34.93,460.24,54.08,81.837,EGA
1762,36.5,454.49,51.95,81.87899999999998,EGA
1763,36.34,453.55,52.51,107.415,EGA
1764,36.68,453.21,52.49,95.613,EGA
1765,37.48,450.02,49.87,86.52000000000002,EGA
1766,37.26,449.95,48.01,86.05799999999998,EGA
1767,33.14,460.75,52.73,88.956,EGA
1768,29.41,472.39,52.34,80.89200000000002,EGA
1769,25.31,487.28,54.7,76.503,EGA
1770,21.36,502.92,67.24,75.852,EGA
1771,18.4,555.68,84.92,75.89399999999998,EGA
1772,16.62,601.84,93.17,75.873,EGA
1773,15.79,656.59,96.39,75.852,EGA
1774,15.12,675.19,96.94,75.915,EGA
1775,14.62,684.17,97.56,75.852,EGA
1776,14.38,695.92,98.09,75.852,EGA
1777,13.7,668.3,98.23,75.768,EGA
1778,13.21,655.56,98.95,75.852,EGA
1779,12.89,648.08,99.51,75.852,EGA
1780,12.92,623.92,99.71,75.831,EGA
1781,14.66,571.78,98.06,335.8730000000001,EGA
1782,21.01,515.84,82.86,337.3640000000001,EGA
1783,28.01,507.44,66.39,339.107,EGA
1784,34.44,510.07,54.34,84.37799999999999,EGA
1785,34.95,502.79,55.41,81.85799999999998,EGA
1786,37.08,452.63,53.04,81.52199999999998,EGA
1787,37.91,444.7,50.49,102.375,EGA
1788,37.7,443.68,49.11,94.038,EGA
1789,37.28,446.82,47.91,85.97399999999998,EGA
1790,36.2,442.99,48.93,87.381,EGA
1791,33.98,445.34,55.21,84.16799999999998,EGA
1792,30.84,447.09,62.73,79.17000000000002,EGA
1793,26.13,478.86,71.72,77.679,EGA
1794,24.42,495.66,80.02,77.679,EGA
1795,20.74,567.63,87.72,77.679,EGA
1796,18.33,630.31,93.76,77.7,EGA
1797,18.1,578.99,89.27,77.679,EGA
1798,18.68,523.12,79.06,77.658,EGA
1799,17.77,532.09,77.89,77.679,EGA
1800,16.85,591.37,88.61,77.7,EGA
1801,15.85,650.86,96.0,77.637,EGA
1802,15.41,665.69,98.28,77.679,EGA
1803,15.53,654.24,99.14,77.658,EGA
1804,15.93,630.19,99.41,77.658,EGA
1805,17.95,547.91,96.72,337.658,EGA
1806,21.79,468.26,83.25,337.7,EGA
1807,22.39,467.73,73.02,337.6790000000001,EGA
1808,29.77,449.05,56.68,82.446,EGA
1809,31.39,452.97,53.33,79.884,EGA
1810,32.76,454.63,52.91,79.98899999999998,EGA
1811,33.54,457.73,54.6,95.802,EGA
1812,34.07,467.52,54.7,89.98500000000001,EGA
1813,34.82,466.07,52.92,84.0,EGA
1814,34.57,467.17,53.2,86.05799999999998,EGA
1815,32.44,472.7,53.8,90.594,EGA
1816,29.46,480.36,56.53,80.59800000000001,EGA
1817,28.03,481.9,59.17,77.88900000000002,EGA
1818,23.05,484.81,62.59,77.679,EGA
1819,21.76,486.63,59.3,77.7,EGA
1820,20.86,487.45,56.85,77.679,EGA
1821,20.13,491.63,64.13,77.679,EGA
1822,19.59,497.16,74.25,77.679,EGA
1823,19.13,502.2,80.57,77.7,EGA
1824,18.66,505.49,85.11,77.679,EGA
1825,18.42,503.92,86.36,77.679,EGA
1826,18.32,501.03,86.47,77.7,EGA
1827,18.25,498.77,86.95,77.658,EGA
1828,18.21,501.26,88.82,77.679,EGA
1829,19.31,499.97,87.98,337.7,EGA
1830,22.14,492.33,81.17,337.6790000000001,EGA
1831,26.62,482.04,70.87,337.658,EGA
1832,31.09,469.38,63.71,79.77900000000002,EGA
1833,33.41,472.25,60.3,77.763,EGA
1834,34.74,468.68,58.42,78.057,EGA
1835,34.96,472.83,58.05,83.93700000000003,EGA
1836,34.99,477.3,57.47,87.171,EGA
1837,35.42,478.78,55.58,82.257,EGA
1838,34.78,484.23,55.97,85.176,EGA
1839,33.41,488.77,57.13,91.371,EGA
1840,30.28,496.63,62.16,80.42999999999998,EGA
1841,27.09,502.2,67.32,77.7,EGA
1842,24.52,508.25,72.2,77.679,EGA
1843,22.69,514.25,77.27,77.7,EGA
1844,21.52,524.72,82.47,77.658,EGA
1845,20.89,526.42,84.62,77.7,EGA
1846,20.52,523.89,85.31,77.679,EGA
1847,20.31,523.72,85.53,77.679,EGA
1872,20.01,529.33,86.73,77.658,EGA
1873,20.31,514.65,83.21,77.7,EGA
1874,20.6,509.42,80.74,77.679,EGA
1875,20.4,517.01,83.06,77.679,EGA
1876,19.65,534.47,88.39,77.658,EGA
1877,20.65,513.45,86.04,337.658,EGA
1878,22.76,515.82,82.38,337.658,EGA
1879,26.1,482.11,75.11,337.6790000000001,EGA
1880,28.98,479.8,68.21,77.679,EGA
1881,33.08,467.57,60.71,78.036,EGA
1882,34.35,457.04,62.63,79.128,EGA
1883,34.06,468.1,61.66,79.69500000000002,EGA
1884,30.99,484.77,64.1,78.18299999999998,EGA
1885,33.4,469.02,63.8,79.40100000000002,EGA
1886,29.87,477.89,70.57,77.7,EGA
1887,30.17,468.26,70.05,78.771,EGA
1888,27.82,486.88,71.55,77.742,EGA
1889,25.66,500.87,74.56,77.679,EGA
1890,23.71,520.63,81.12,77.7,EGA
1891,22.18,580.21,90.57,77.7,EGA
1892,21.39,581.03,91.51,77.679,EGA
1893,20.73,552.6,91.49,77.7,EGA
1894,20.04,555.74,93.3,77.7,EGA
1895,19.82,518.79,88.19,77.7,EGA
1920,18.94,523.25,88.5,77.679,EGA
1921,18.23,539.04,90.95,77.679,EGA
1922,17.81,564.64,93.56,77.7,EGA
1923,18.04,540.44,90.53,77.679,EGA
1924,17.59,544.91,93.88,77.7,EGA
1925,19.05,510.06,88.64,337.7,EGA
1926,21.7,494.37,82.48,336.86,EGA
1927,25.83,464.69,73.3,336.083,EGA
1928,28.01,465.83,68.03,76.188,EGA
1929,24.56,492.9,75.52,75.915,EGA
1930,26.23,485.2,73.85,76.33500000000002,EGA
1931,26.62,490.44,73.41,76.062,EGA
1932,26.61,480.8,75.32,76.125,EGA
1933,27.57,474.71,72.64,77.406,EGA
1934,27.18,476.83,70.54,77.28,EGA
1935,27.93,479.87,68.84,79.29599999999998,EGA
1936,26.29,487.41,72.05,76.27199999999998,EGA
1937,24.44,481.09,75.89,76.062,EGA
1938,22.44,494.18,83.74,75.999,EGA
1939,21.63,519.27,90.18,75.93599999999998,EGA
1940,20.99,520.91,91.75,75.93599999999998,EGA
1941,20.59,507.26,91.15,75.93599999999998,EGA
1942,19.39,507.65,92.36,75.89399999999998,EGA
1943,18.91,511.4,94.87,75.852,EGA
